,index_seg,cycle_lane,is_shared,cycle_way,side_walk,bikable
0,8,,0,,both,
1,9,,0,,both,
2,15,,0,,both,
3,25,,0,,both,
4,26,,0,,both,
5,27,,0,,both,
6,28,,0,,both,
7,29,,0,,both,
8,30,,0,,both,
9,31,,0,,both,
10,52,,0,,both,yes
11,53,,0,,both,yes
12,54,,0,,both,yes
13,55,,0,,both,yes
14,56,,0,,both,
15,57,,0,,both,
16,58,,0,,both,
17,59,,0,,both,yes
18,60,,0,,both,yes
19,62,,0,,both,
20,63,,0,,both,
21,64,,0,,both,
22,65,,0,,both,
23,66,,0,,both,
24,67,,0,,both,
25,68,,0,,both,
26,69,,0,,both,
27,70,,0,,both,
28,71,,0,,both,
29,72,,0,,both,
30,73,,0,,both,
31,74,,0,,both,
32,75,,0,,both,
33,76,,0,,both,
34,77,,0,,both,
35,78,,0,,both,
36,79,,0,,both,
37,80,,0,,both,
38,81,,0,,both,
39,82,,0,,both,
40,83,,0,,both,
41,84,,0,,both,
42,87,,0,,left,
43,88,,0,,left,
44,95,,0,,,yes
45,96,both,0,,both,
46,97,,0,,both,yes
47,101,,0,,,yes
48,111,,0,,both,
49,112,,0,,both,
50,113,,0,,both,
51,114,,0,,both,
52,115,,0,,both,
53,116,,0,,both,
54,117,,0,,both,
55,118,,0,,both,
56,119,,0,,both,
57,120,,0,,both,
58,121,,0,,both,
59,122,,0,,both,
60,123,,0,,both,
61,126,,0,,,yes
62,127,,0,,,yes
63,128,,0,,,yes
64,129,,0,,,yes
65,130,,0,,,yes
66,131,,0,,,yes
67,132,,0,,,yes
68,136,one,0,,,
69,137,one,0,,,
70,138,one,0,,,
71,139,one,0,,,
72,140,one,0,,,
73,142,,0,,both,
74,143,,0,,both,
75,144,,0,,both,
76,151,,0,,both,
77,152,,0,,both,
78,153,,0,,both,
79,154,,0,,both,
80,155,,0,,both,
81,156,,0,,both,
82,157,,0,,both,
83,158,,0,,both,
84,159,,0,,both,
85,160,both,0,,,
86,178,,0,,both,
87,179,,0,,both,yes
88,180,,0,,both,yes
89,181,,0,,both,yes
90,182,,0,,both,yes
91,184,,0,,both,
92,185,,0,,both,
93,193,,0,,both,
94,194,,0,,both,
95,195,,0,,both,
96,196,,0,,both,
97,197,,0,,both,
98,214,,0,,,yes
99,215,,0,,,yes
100,216,,0,,,yes
101,217,,0,,,yes
102,218,,0,,,yes
103,219,,0,,,yes
104,220,,0,,both,yes
105,221,,0,,both,yes
106,222,,0,,both,yes
107,223,,0,,both,yes
108,224,,0,,both,yes
109,225,,0,,both,yes
110,226,,0,,both,yes
111,227,,0,,both,yes
112,228,both,0,,both,
113,229,both,0,,both,
114,230,both,0,,both,
115,231,both,0,,both,
116,236,,0,,both,
117,237,,0,,both,
118,238,,0,,both,
119,239,,0,,both,
120,240,,0,,both,
121,241,,0,,both,
122,242,,0,,both,
123,243,,0,,both,
124,244,,0,,both,yes
125,245,,0,,both,yes
126,246,,0,,both,yes
127,247,one,0,,both,yes
128,248,one,0,,both,yes
129,249,one,0,,both,yes
130,250,one,0,,both,yes
131,251,one,0,,both,yes
132,252,one,0,,both,yes
133,253,one,0,,both,yes
134,254,one,0,,both,yes
135,255,,0,,,yes
136,260,both,0,,,
137,261,both,0,,,
138,262,both,0,,,
139,263,both,0,,,
140,264,both,0,,,
141,265,both,0,,,
142,266,both,0,,,
143,267,both,0,,,
144,268,one,0,,,
145,269,one,0,,,
146,270,one,0,,,
147,271,one,0,,,
148,272,one,0,,,
149,281,both,0,,,
150,282,both,0,,,
151,284,one,0,,,
152,285,one,0,,,
153,286,one,0,,,
154,287,one,0,,,
155,288,one,0,,,
156,289,one,0,,,
157,290,,0,,both,
158,291,,0,,both,
159,292,,0,,both,
160,293,,0,,both,
161,294,,0,,both,
162,295,,0,,both,
163,296,,0,,both,
164,297,,0,,both,
165,298,,0,,both,
166,299,,0,,both,
167,300,,0,,both,
168,301,,0,,both,
169,302,,0,,both,
170,303,,0,,both,
171,304,,0,,both,
172,305,,0,,both,
173,306,,0,,both,
174,307,,0,,both,
175,308,,0,,both,
176,309,,0,,both,
177,310,,0,,both,
178,311,,0,,both,
179,312,,0,,both,
180,313,,0,,both,
181,314,,0,,both,
182,315,,0,,both,
183,316,,0,,both,
184,317,,0,,both,
185,318,,0,,both,
186,319,,0,,both,
187,320,,0,,both,
188,321,,0,,both,
189,322,,0,,both,
190,323,,0,,both,
191,324,,0,,both,
192,325,,0,,both,
193,326,,0,,both,
194,327,,0,,both,
195,328,,0,,,yes
196,329,,0,,,yes
197,330,,0,,,yes
198,331,,0,,,yes
199,332,,0,,,yes
200,333,,0,,,yes
201,334,,0,,,yes
202,336,,0,,,yes
203,337,,0,,,yes
204,360,,0,,both,
205,361,,0,,both,
206,362,,0,,both,
207,363,,0,,both,
208,364,,0,,both,
209,365,,0,,both,
210,367,,0,,both,
211,368,,0,,both,
212,369,,0,,both,
213,370,,0,,both,
214,371,,0,,both,
215,372,,0,,both,
216,373,,0,,both,
217,374,,0,,both,
218,375,,0,,both,
219,376,,0,,both,
220,377,,0,,both,
221,379,,0,,no,yes
222,381,both,0,,,yes
223,382,both,0,,,yes
224,383,one,0,,,yes
225,384,one,0,,,yes
226,385,one,0,,,
227,386,one,0,,,
228,387,one,0,,,yes
229,388,one,0,,,yes
230,389,one,0,,,yes
231,390,one,0,,,yes
232,406,,0,,,yes
233,408,,0,,,yes
234,409,,0,,,yes
235,413,,0,,both,
236,414,,0,,both,
237,415,,0,,both,
238,416,,0,,both,
239,417,,0,,both,
240,418,,0,,both,
241,419,,0,,both,
242,420,,0,,both,
243,421,,0,,both,
244,422,,0,,both,
245,423,,0,,both,
246,424,,0,,both,
247,425,,0,,both,
248,426,,0,,both,
249,427,,0,,both,
250,428,,0,,both,
251,429,,0,,both,
252,430,,0,,both,
253,431,,0,,both,
254,432,,0,,both,
255,433,,0,,both,
256,434,,0,,both,
257,435,,0,,both,
258,436,,0,,both,
259,437,,0,,both,
260,438,,0,,both,
261,440,,0,,both,
262,441,both,1,,both,
263,442,both,1,,both,
264,443,both,1,,both,
265,444,both,1,,both,
266,445,both,1,,both,
267,446,both,1,,both,
268,447,both,1,,both,
269,448,both,1,,both,
270,449,both,1,,both,
271,450,one,0,,,
272,451,one,0,,,
273,453,one,0,,,
274,454,one,0,,,
275,455,one,0,,,
276,456,one,0,,,
277,457,one,0,,,
278,458,one,0,,,
279,459,,0,,both,
280,460,,0,,both,
281,461,,0,,both,
282,462,,0,,both,
283,463,,0,,both,
284,464,,0,,both,
285,465,,0,,both,
286,466,,0,,both,
287,467,,0,,both,
288,468,,0,,both,
289,469,,0,,both,
290,470,,0,,both,
291,471,,0,,both,
292,472,,0,,both,
293,473,,0,,both,
294,474,,0,,both,
295,475,,0,,both,
296,476,,0,,both,
297,477,,0,,both,
298,478,,0,,both,
299,479,,0,,both,
300,480,,0,,both,
301,481,,0,,both,
302,482,,0,,both,
303,483,,0,,both,
304,484,,0,,both,
305,485,,0,,both,
306,486,,0,,both,
307,487,,0,,both,
308,488,,0,,both,
309,489,,0,,both,
310,490,,0,,both,
311,491,,0,,no,
312,495,,0,,both,
313,496,,0,,both,
314,497,,0,,,yes
315,498,,0,,,yes
316,499,,0,,,yes
317,501,,0,,both,
318,502,,0,,both,
319,503,,0,,both,
320,504,both,0,both,,yes
321,505,both,0,both,,yes
322,506,both,0,both,,
323,509,,0,,,yes
324,512,,0,,,yes
325,517,,0,,,yes
326,518,,0,,,yes
327,520,one,0,,,yes
328,521,one,0,,,yes
329,522,one,0,,,yes
330,523,one,0,,,
331,524,one,0,,,
332,525,one,0,,,
333,526,one,0,,,
334,527,,0,,both,
335,528,,0,,both,
336,529,,0,,both,
337,530,,0,,both,
338,531,,0,,both,
339,535,,0,,both,yes
340,536,,0,,both,yes
341,537,,0,,both,
342,538,,0,,both,
343,550,,0,,both,
344,551,,0,,both,
345,552,,0,,both,
346,553,,0,,both,
347,554,,0,,both,
348,555,,0,,both,
349,556,,0,,both,
350,557,,0,,both,
351,558,,0,,both,
352,559,,0,,both,
353,560,,0,,both,
354,561,,0,,both,
355,562,,0,,both,
356,563,,0,,both,
357,564,,0,,both,
358,565,,0,,both,
359,566,,0,,both,
360,567,,0,,both,
361,568,,0,,both,
362,569,,0,,both,
363,572,one,0,,,
364,573,one,0,,,yes
365,574,one,0,,,
366,575,one,0,,,
367,576,one,0,,,
368,579,,0,,,yes
369,580,,0,,,yes
370,581,,0,,,yes
371,589,,0,,both,
372,590,,0,,both,
373,591,,0,,both,
374,597,both,1,,,yes
375,598,both,0,,,yes
376,599,both,0,,,
377,600,both,0,,,
378,601,both,0,,,yes
379,602,both,0,,,
380,603,both,0,,,yes
381,604,both,0,,,yes
382,605,both,0,,,yes
383,606,both,0,,,yes
384,607,both,0,,,yes
385,608,both,0,,,yes
386,609,both,0,,,
387,610,both,0,,,
388,611,both,0,,,
389,621,both,0,both,,
390,622,both,0,both,,
391,623,both,0,both,,
392,624,both,0,both,,
393,625,both,0,both,,
394,626,both,0,both,,
395,627,both,0,both,,
396,628,both,0,both,,yes
397,629,,0,,both,
398,630,,0,,both,
399,631,,0,,both,
400,632,,0,,both,
401,633,,0,,both,
402,634,,0,,both,
403,635,,0,,both,
404,636,,0,,both,
405,637,,0,,both,
406,638,,0,,both,
407,639,,0,,both,
408,640,,0,,both,
409,641,,0,,both,
410,642,,0,,both,
411,643,,0,,both,
412,644,,0,,both,
413,645,,0,,both,
414,646,,0,,both,
415,648,,0,,,yes
416,649,,0,,,yes
417,650,,0,,,yes
418,653,,0,,,yes
419,654,,0,,,yes
420,655,one,0,,,yes
421,656,both,0,both,both,yes
422,657,both,0,both,both,yes
423,658,both,0,both,both,yes
424,659,both,0,both,both,
425,660,both,0,both,both,
426,661,both,0,both,both,
427,662,both,0,both,both,
428,663,both,0,both,both,
429,664,both,0,both,both,
430,665,both,0,both,both,
431,666,both,0,both,both,
432,667,both,0,both,both,
433,668,both,0,both,both,yes
434,669,,0,,both,yes
435,670,,0,,both,yes
436,671,,0,,both,yes
437,672,,0,,both,yes
438,673,,0,,both,yes
439,674,,0,,both,yes
440,675,,0,,both,yes
441,676,,0,,both,yes
442,677,,0,,both,yes
443,678,,0,,both,yes
444,679,,0,,both,yes
445,680,,0,,both,yes
446,681,,0,,both,
447,682,,0,,both,yes
448,683,,0,,both,
449,684,,0,,both,
450,685,,0,,both,
451,686,,0,,both,
452,687,,0,,both,
453,688,,0,,both,
454,689,,0,,both,
455,690,,0,,both,
456,691,,0,,both,
457,692,,0,,both,
458,693,,0,,both,
459,694,,0,,both,
460,695,,0,,right,
461,696,,0,,right,
462,697,,0,,both,
463,698,,0,,both,
464,699,,0,,both,
465,700,,0,,both,
466,701,,0,,both,
467,702,,0,,both,
468,703,,0,,both,
469,704,,0,,both,
470,705,,0,,both,
471,706,,0,,both,
472,707,,0,,both,
473,712,,0,,both,
474,715,,0,,,yes
475,716,,0,,,yes
476,717,,0,,both,
477,718,,0,,both,
478,719,,0,,both,
479,720,,0,,both,
480,721,,0,,both,
481,722,,0,,both,
482,724,,0,,,yes
483,725,,0,,,yes
484,726,,0,,,yes
485,728,,0,,,yes
486,729,,0,,,yes
487,731,,0,,,yes
488,732,,0,,,yes
489,733,,0,,,yes
490,734,,0,,,yes
491,735,,0,,,yes
492,736,,0,,,yes
493,737,,0,,,yes
494,739,,0,,both,
495,740,,0,,both,
496,741,,0,,both,
497,742,,0,,both,
498,743,,0,,both,
499,744,,0,,both,
500,745,,0,,both,yes
501,746,,0,,both,yes
502,747,,0,,both,yes
503,748,,0,,both,yes
504,749,,0,,both,yes
505,750,,0,,both,yes
506,751,,0,,both,yes
507,752,,0,,both,yes
508,753,,0,,both,
509,754,,0,,both,
510,755,,0,,both,
511,756,,0,,both,
512,757,,0,,both,
513,758,,0,,both,
514,759,,0,,both,
515,760,,0,,both,
516,761,,0,,both,
517,762,,0,,both,
518,763,,0,,both,
519,764,,0,,both,
520,765,,0,,both,
521,766,,0,,both,
522,767,,0,,both,
523,768,,0,,both,
524,769,,0,,both,
525,770,,0,,both,
526,771,,0,both,both,
527,772,,0,both,both,
528,773,,0,both,both,
529,774,,0,both,both,
530,775,,0,both,both,
531,776,,0,both,both,
532,777,,0,both,both,
533,778,,0,both,both,
534,779,,0,both,both,
535,780,,0,both,both,
536,781,,0,both,both,
537,782,,0,both,,
538,783,one,0,both,,
539,784,both,0,both,both,
540,785,both,0,both,both,yes
541,786,both,0,both,both,yes
542,787,one,0,both,,yes
543,788,one,0,both,,yes
544,789,one,0,both,,
545,790,one,0,both,,
546,791,one,0,both,,
547,792,one,0,both,,
548,801,,0,,no,
549,802,,0,,no,
550,803,,0,,,yes
551,804,,0,,,yes
552,807,,0,,both,
553,808,both,0,,,
554,810,both,0,both,,
555,811,both,0,both,,yes
556,812,both,0,both,,
557,813,both,0,both,,
558,814,both,0,both,,
559,815,both,0,both,,
560,816,both,0,both,,
561,817,both,0,both,,yes
562,818,both,0,both,,
563,819,both,0,both,,
564,820,both,0,both,,
565,821,both,0,both,,
566,822,both,0,both,,
567,823,both,0,both,,
568,824,both,0,both,,
569,825,both,0,both,,
570,826,both,0,both,,
571,827,both,0,both,,
572,828,both,0,both,,
573,829,both,0,both,,
574,830,both,0,both,,
575,831,both,0,both,,
576,832,both,0,both,,yes
577,833,both,0,both,,yes
578,834,both,0,both,,
579,835,both,0,both,,
580,836,both,0,both,,
581,837,both,0,both,,
582,838,both,0,both,,
583,839,both,0,both,,
584,840,both,0,both,both,
585,841,both,0,both,both,
586,842,both,0,both,both,
587,843,both,0,both,both,
588,844,both,0,both,both,
589,845,both,0,both,both,
590,846,both,0,,both,
591,847,both,0,,both,
592,848,both,0,,both,
593,849,both,0,,both,
594,850,both,0,,both,
595,851,both,0,,both,
596,852,both,0,,both,
597,853,both,0,,both,
598,854,both,0,,both,
599,855,both,0,,both,
600,856,both,0,,both,
601,857,both,0,,both,
602,858,both,0,,both,
603,859,both,0,,both,
604,860,both,0,,both,
605,861,both,0,,both,
606,862,both,0,,both,
607,864,both,0,,both,
608,865,both,0,,both,
609,866,,0,,no,
610,867,,0,,left,
611,868,,0,,both,
612,869,,0,,both,
613,870,,0,,both,
614,871,,0,,both,
615,872,,0,,both,
616,873,,0,,both,
617,874,,0,,both,
618,875,,0,,both,
619,876,,0,,both,
620,877,,0,,both,yes
621,878,,0,,both,yes
622,879,,0,,both,
623,880,,0,,both,
624,881,,0,,both,
625,882,,0,,,yes
626,883,,0,,,yes
627,884,,0,,,yes
628,885,both,0,both,,yes
629,886,,0,both,,yes
630,887,,0,both,,yes
631,888,,0,both,,yes
632,889,both,0,,,yes
633,891,,0,,,yes
634,892,,0,both,,yes
635,893,,0,both,,yes
636,894,,0,both,,yes
637,895,,0,both,,yes
638,896,,0,both,both,
639,897,,0,both,both,
640,898,,0,both,both,
641,900,,0,,both,
642,901,,0,,both,
643,902,,0,,both,
644,903,,0,,both,
645,904,,0,,both,
646,905,,0,,both,
647,906,,0,,both,
648,907,,0,,both,
649,908,,0,,both,
650,909,,0,,both,
651,910,,0,,both,
652,911,,0,,both,
653,912,,0,,both,
654,913,,0,,both,
655,914,,0,,both,
656,915,,0,,both,
657,916,,0,,both,
658,917,,0,,both,
659,918,,0,,both,
660,919,one,0,one,,yes
661,920,one,0,one,,yes
662,921,one,0,,both,yes
663,922,one,0,,both,yes
664,923,one,0,,both,yes
665,924,one,0,,both,
666,925,one,0,,both,
667,926,one,0,,both,
668,928,,0,,both,
669,929,,0,,both,
670,952,,0,,right,
671,953,,0,,both,
672,954,,0,,both,
673,955,,0,,both,
674,956,,0,,both,
675,957,,0,,both,
676,958,,0,,both,yes
677,959,,0,,both,yes
678,960,,0,,both,
679,961,,0,,both,
680,962,,0,,both,yes
681,963,,0,,both,yes
682,966,,0,,,yes
683,967,,0,,,yes
684,968,,0,,,yes
685,969,,0,,,yes
686,982,,0,,,yes
687,983,,0,,,yes
688,984,,0,,,yes
689,985,one,0,one,,yes
690,986,one,0,one,,yes
691,987,one,0,one,,yes
692,988,one,0,one,,yes
693,989,one,0,one,,yes
694,990,one,0,one,,yes
695,991,one,0,one,,yes
696,995,,0,,,yes
697,996,,0,,,yes
698,997,,0,,,yes
699,998,,0,,,yes
700,999,,0,,,yes
701,1000,,0,,,yes
702,1001,,0,,,yes
703,1002,,0,,,yes
704,1003,,0,,,yes
705,1007,,0,,,yes
706,1008,,0,,,yes
707,1009,,0,,,yes
708,1010,,0,,,yes
709,1013,,0,,,yes
710,1050,,0,,both,
711,1051,,0,,both,
712,1052,,0,,both,
713,1053,,0,,both,
714,1055,,0,,both,
715,1081,,0,,both,
716,1082,,0,,both,
717,1083,,0,,both,
718,1084,,0,,both,
719,1085,,0,,both,
720,1086,,0,,right,
721,1087,,0,,right,
722,1088,,0,,right,
723,1089,,0,,both,
724,1090,,0,,both,yes
725,1091,,0,,both,
726,1092,,0,,both,
727,1093,,0,,both,
728,1094,,0,,both,
729,1095,,0,,both,
730,1096,,0,,both,
731,1097,,0,,both,
732,1098,,0,,both,
733,1099,,0,,both,
734,1104,,0,both,,
735,1117,both,1,,,
736,1118,both,1,,,
737,1119,both,1,,,
738,1120,both,1,,,
739,1121,both,1,,,
740,1126,,0,,both,
741,1127,,0,,both,
742,1128,,0,,both,
743,1129,,0,,both,
744,1130,,0,,both,
745,1131,,0,,both,
746,1132,,0,,both,
747,1133,,0,,both,
748,1145,,0,,both,
749,1146,,0,,both,
750,1175,,0,,both,
751,1182,,0,,both,
752,1183,,0,,both,
753,1184,,0,,both,
754,1185,,0,,both,
755,1186,,0,,both,
756,1187,,0,,both,
757,1188,,0,,both,
758,1189,,0,,both,
759,1195,,0,,both,
760,1196,,0,,both,
761,1198,,0,,no,
762,1199,,0,,both,
763,1200,,0,,both,
764,1201,,0,,no,
765,1202,,0,,right,
766,1203,,0,,both,
767,1204,,0,,both,
768,1205,,0,,both,
769,1206,,0,,both,
770,1207,,0,,both,
771,1208,,0,,both,
772,1209,,0,,both,
773,1212,,0,,both,
774,1214,,0,,both,
775,1215,,0,,no,
776,1216,,0,,no,
777,1217,,0,,no,
778,1221,,0,,both,
779,1237,,0,,both,
780,1238,,0,,both,
781,1242,,0,,both,
782,1243,,0,,both,
783,1244,,0,,both,
784,1247,,0,,no,
785,1250,,0,,both,
786,1251,,0,,both,
787,1252,,0,,both,
788,1253,,0,,both,
789,1256,,0,,both,
790,1257,,0,,both,
791,1258,,0,,both,
792,1259,,0,,both,
793,1260,,0,,both,
794,1261,,0,,both,
795,1272,,0,,both,
796,1273,,0,,both,
797,1274,,0,,both,
798,1275,,0,,both,
799,1276,,0,,both,
800,1289,,0,,,yes
801,1293,,0,,,yes
802,1300,,0,,both,
803,1301,,0,,both,
804,1302,,0,,both,
805,1303,,0,,both,
806,1306,,0,,no,
807,1308,,0,,no,
808,1309,,0,,no,
809,1310,,0,,both,
810,1311,,0,,both,
811,1312,,0,,both,
812,1313,,0,,both,
813,1314,,0,,both,
814,1315,,0,,both,
815,1316,,0,,both,
816,1317,,0,,both,
817,1318,,0,,both,
818,1331,,0,,left,
819,1332,,0,,both,
820,1333,,0,,both,
821,1334,,0,,both,
822,1335,,0,,both,
823,1336,,0,,both,
824,1337,,0,,both,
825,1338,,0,,both,
826,1348,,0,,both,
827,1349,,0,,both,
828,1350,,0,,left,
829,1351,,0,,left,
830,1352,,0,,left,
831,1354,,0,,no,
832,1356,,0,,both,
833,1357,,0,,both,
834,1358,,0,,both,
835,1359,,0,,both,
836,1360,,0,,both,
837,1361,,0,,both,
838,1362,,0,,both,
839,1363,,0,,both,
840,1364,,0,,both,
841,1365,,0,,both,
842,1366,,0,,both,
843,1378,,0,,both,
844,1379,,0,,left,
845,1380,,0,,both,
846,1381,,0,,both,
847,1382,,0,,both,
848,1383,,0,,both,
849,1384,,0,,both,
850,1385,,0,,both,
851,1386,,0,,both,
852,1387,,0,,no,
853,1388,,0,,both,
854,1389,,0,,both,
855,1390,,0,,both,
856,1391,,0,,both,
857,1394,,0,,both,
858,1395,,0,,both,
859,1396,,0,,both,
860,1397,,0,,both,
861,1398,,0,,both,
862,1399,,0,,both,
863,1400,,0,,both,
864,1407,,0,,both,
865,1408,,0,,both,
866,1409,,0,,both,
867,1410,,0,,both,
868,1411,,0,,both,
869,1412,,0,,both,
870,1413,,0,,no,
871,1423,,0,,both,
872,1424,,0,,both,
873,1425,,0,,both,
874,1426,,0,,both,
875,1427,,0,,both,
876,1428,one,0,,both,
877,1429,one,0,,both,
878,1430,one,0,,both,
879,1431,,0,,both,
880,1432,,0,,both,
881,1443,,0,,both,
882,1449,,0,,both,
883,1450,,0,,both,
884,1451,,0,,both,
885,1452,,0,,both,
886,1458,,0,,,yes
887,1464,,0,,both,
888,1465,,0,,both,
889,1466,,0,,both,
890,1467,,0,,both,
891,1468,one,0,,both,
892,1469,one,0,,both,
893,1484,,0,,both,
894,1485,,0,,both,
895,1486,,0,,both,
896,1490,,0,,both,
897,1491,,0,,both,
898,1492,,0,,both,
899,1493,,0,,both,
900,1494,,0,,both,
901,1495,,0,,both,
902,1496,,0,,both,
903,1497,,0,,both,
904,1498,,0,,both,
905,1499,,0,,both,
906,1500,,0,,both,
907,1501,,0,,both,
908,1502,,0,,both,
909,1503,,0,,both,
910,1504,,0,,both,
911,1505,,0,,both,
912,1506,,0,,both,
913,1507,,0,,both,
914,1508,,0,,both,
915,1509,,0,,both,
916,1510,,0,,both,
917,1511,,0,,both,
918,1512,,0,,both,
919,1513,,0,,both,
920,1514,,0,,both,
921,1515,,0,,both,
922,1516,,0,,both,
923,1517,,0,,both,
924,1518,,0,,both,
925,1519,,0,,both,
926,1520,,0,,both,
927,1521,,0,,no,
928,1522,,0,,no,
929,1523,,0,,no,
930,1524,,0,,no,
931,1525,,0,,no,
932,1526,,0,,both,
933,1527,,0,,left,
934,1528,,0,,left,
935,1539,,0,,no,
936,1541,,0,,both,
937,1542,,0,,both,
938,1543,,0,,both,
939,1544,,0,,both,
940,1545,,0,,both,
941,1546,,0,,both,
942,1547,,0,,both,
943,1548,,0,,both,
944,1549,,0,,both,
945,1550,,0,,both,
946,1551,,0,,no,
947,1552,,0,,no,
948,1570,,0,,both,
949,1571,,0,,both,
950,1572,,0,,both,
951,1573,,0,,both,
952,1574,,0,,both,
953,1575,,0,,both,
954,1576,,0,,both,
955,1577,,0,,both,
956,1578,,0,,both,
957,1579,,0,,both,
958,1580,,0,,both,
959,1581,,0,,both,
960,1582,,0,,both,
961,1583,,0,,both,
962,1584,,0,,both,
963,1585,,0,,both,
964,1586,,0,,no,
965,1590,,0,,both,
966,1591,,0,,both,
967,1592,,0,,both,
968,1593,,0,,both,
969,1594,,0,,both,
970,1595,,0,,both,
971,1596,,0,,both,
972,1597,,0,,both,
973,1598,,0,,both,
974,1599,,0,,both,
975,1600,,0,,both,
976,1618,,0,,both,
977,1619,,0,,both,
978,1620,,0,,both,
979,1621,,0,,both,
980,1622,,0,,both,
981,1623,,0,,both,
982,1624,,0,,both,
983,1625,,0,,both,
984,1626,,0,,both,
985,1641,,0,,both,
986,1642,,0,,both,
987,1643,,0,,both,
988,1644,,0,,both,
989,1645,,0,,both,
990,1646,,0,,both,
991,1647,,0,,both,
992,1648,,0,,both,
993,1649,,0,,both,
994,1650,,0,,both,
995,1651,,0,,both,
996,1652,,0,,both,
997,1653,,0,,both,
998,1654,,0,,both,
999,1655,,0,,both,
1000,1656,,0,,both,
1001,1657,,0,,both,
1002,1658,,0,,both,
1003,1659,,0,,both,
1004,1660,,0,,both,
1005,1665,,0,,both,
1006,1666,,0,,both,
1007,1667,,0,,both,
1008,1668,,0,,both,
1009,1669,,0,,both,
1010,1670,,0,,both,
1011,1676,,0,,both,
1012,1677,,0,,both,
1013,1678,,0,,both,
1014,1679,,0,,both,
1015,1680,,0,,both,
1016,1681,,0,,both,
1017,1682,,0,,both,
1018,1683,,0,,both,
1019,1684,,0,,both,
1020,1709,,0,,,yes
1021,1710,,0,,,yes
1022,1734,,0,,both,
1023,1735,,0,,both,
1024,1736,,0,,both,
1025,1757,,0,,,no
1026,1758,,0,,,no
1027,1761,right,0,,,
1028,1764,,0,,,no
1029,1765,,0,,,no
1030,1766,,0,,,no
1031,1768,,0,,both,
1032,1769,,0,,both,
1033,1770,,0,,both,
1034,1771,,0,,both,
1035,1774,,0,,both,
1036,1775,,0,,both,
1037,1776,,0,,both,
1038,1777,,0,,both,
1039,1778,,0,,both,
1040,1779,,0,,both,
1041,1780,,0,,both,
1042,1781,,0,,both,
1043,1782,,0,,both,
1044,1783,,0,,both,
1045,1784,,0,,both,
1046,1785,,0,,both,
1047,1787,,0,,both,
1048,1788,,0,,both,
1049,1789,,0,,both,
1050,1790,,0,,both,
1051,1791,,0,,both,
1052,1792,,0,,no,
1053,1812,,0,,both,
1054,1813,,0,,both,
1055,1814,,0,,left,
1056,1815,,0,,left,
1057,1816,,0,,both,
1058,1817,,0,,both,
1059,1818,,0,,both,
1060,1819,,0,,both,
1061,1820,,0,,both,
1062,1821,,0,,both,
1063,1822,,0,,both,yes
1064,1823,,0,,both,
1065,1824,,0,,both,
1066,1825,,0,,both,
1067,1826,,0,,both,
1068,1827,,0,,both,
1069,1828,,0,,both,
1070,1831,,0,,,yes
1071,1832,,0,,,yes
1072,1835,,0,,no,
1073,1864,,0,,left,
1074,1865,,0,,left,
1075,1866,,0,,left,
1076,1867,,0,,left,
1077,1868,,0,,both,
1078,1869,,0,,both,
1079,1870,,0,,both,
1080,1871,,0,,both,
1081,1872,,0,,both,
1082,1873,,0,,both,
1083,1874,,0,,both,
1084,1875,,0,,both,
1085,1876,,0,,both,
1086,1877,,0,,both,
1087,1880,,0,,no,
1088,1881,,0,,no,
1089,1882,,0,,both,
1090,1883,,0,,no,
1091,1884,,0,,no,
1092,1885,,0,,both,
1093,1886,,0,,right,
1094,1887,,0,,both,
1095,1888,,0,,left,
1096,1889,,0,,no,
1097,1890,,0,,no,
1098,1891,,0,,no,
1099,1904,,0,,right,
1100,1905,,0,,no,
1101,1906,,0,,no,
1102,1907,,0,,no,
1103,1908,,0,,no,
1104,1909,,0,,both,
1105,1910,,0,,both,
1106,1911,,0,,both,
1107,1912,,0,,both,
1108,1913,,0,,right,
1109,1914,,0,,no,
1110,1915,,0,,right,
1111,1916,,0,,left,
1112,1917,,0,,both,
1113,1918,,0,,right,
1114,1919,,0,,right,
1115,1937,,0,,left,
1116,1938,,0,,left,
1117,1939,,0,,left,
1118,1940,,0,,left,
1119,1942,,0,,no,
1120,1946,,0,,both,
1121,1971,,0,,,yes
1122,1975,,0,,both,
1123,1995,,0,,left,
1124,1996,,0,,right,
1125,1997,,0,,both,
1126,1998,,0,,both,
1127,1999,,0,,both,
1128,2016,,0,,both,
1129,2017,,0,,both,
1130,2018,,0,,both,
1131,2019,both,0,,,yes
1132,2020,both,0,,,
1133,2027,,0,,both,
1134,2028,,0,,both,
1135,2029,,0,,both,
1136,2030,,0,,both,
1137,2031,,0,,both,
1138,2032,,0,,both,
1139,2033,,0,,both,
1140,2034,,0,,both,
1141,2035,,0,,both,
1142,2038,,0,,no,
1143,2039,,0,,right,
1144,2040,,0,,no,
1145,2057,,0,both,,
1146,2067,,0,,both,
1147,2068,,0,,both,
1148,2069,,0,,both,
1149,2070,,0,,both,
1150,2071,,0,,both,
1151,2072,,0,,both,
1152,2073,,0,,both,
1153,2074,,0,,both,
1154,2075,,0,,both,
1155,2076,,0,,both,
1156,2077,,0,,both,
1157,2080,,0,,both,
1158,2081,,0,,both,
1159,2082,,0,,both,
1160,2083,,0,,both,
1161,2084,,0,,both,
1162,2085,,0,,both,
1163,2086,,0,,both,
1164,2087,,0,,both,
1165,2088,,0,,both,
1166,2089,,0,,both,
1167,2090,,0,,both,
1168,2091,,0,,both,
1169,2092,,0,,both,
1170,2093,,0,,both,
1171,2094,,0,,both,
1172,2095,,0,,both,
1173,2096,,0,,both,
1174,2097,,0,,both,
1175,2098,,0,,both,
1176,2099,,0,,both,
1177,2100,,0,,,yes
1178,2103,,0,,right,
1179,2104,,0,,right,
1180,2113,,0,,both,
1181,2114,,0,,both,
1182,2115,,0,,both,
1183,2116,,0,,both,
1184,2117,,0,,both,
1185,2118,,0,,both,
1186,2119,,0,,both,
1187,2120,,0,,both,
1188,2121,,0,,both,
1189,2122,,0,,both,
1190,2124,,0,,right,
1191,2125,,0,,right,
1192,2128,,0,,,yes
1193,2129,,0,,both,
1194,2130,,0,,both,
1195,2139,,0,,,yes
1196,2141,,0,,both,
1197,2142,,0,,both,
1198,2143,,0,,both,
1199,2144,,0,,both,
1200,2145,,0,,both,
1201,2146,,0,,both,
1202,2147,,0,,both,
1203,2148,,0,,both,
1204,2149,,0,,both,
1205,2150,,0,,both,
1206,2151,,0,,both,
1207,2152,,0,,both,
1208,2153,,0,,both,
1209,2154,,0,,both,
1210,2155,,0,,both,
1211,2156,,0,,both,yes
1212,2157,,0,,both,yes
1213,2165,,0,,both,
1214,2174,,0,,right,
1215,2175,,0,,right,
1216,2176,,0,,both,yes
1217,2177,,0,,both,yes
1218,2178,,0,,both,yes
1219,2179,,0,,both,
1220,2180,,0,,both,
1221,2181,,0,,both,
1222,2182,,0,,both,
1223,2183,,0,,both,
1224,2184,,0,,both,
1225,2185,,0,,both,
1226,2186,,0,,both,
1227,2187,,0,,both,
1228,2194,,0,,,yes
1229,2200,,0,,both,yes
1230,2201,,0,,both,
1231,2202,,0,,both,
1232,2203,,0,,both,
1233,2204,,0,,both,
1234,2205,,0,,both,
1235,2206,,0,,both,
1236,2207,,0,,both,
1237,2208,,0,,both,
1238,2209,,0,,both,
1239,2210,,0,,both,
1240,2211,,0,,both,
1241,2212,,0,,both,
1242,2213,,0,,both,
1243,2214,,0,,both,
1244,2215,,0,,both,
1245,2216,,0,,both,
1246,2222,,0,,both,
1247,2223,,0,,both,
1248,2224,,0,,both,
1249,2225,,0,,both,
1250,2226,,0,,both,
1251,2228,,0,,both,
1252,2229,,0,,both,
1253,2230,,0,,both,
1254,2231,,0,,both,
1255,2232,,0,,both,
1256,2233,,0,,both,
1257,2250,,0,,no,
1258,2251,,0,,no,
1259,2252,,0,,no,
1260,2253,,0,,no,
1261,2260,,0,,,yes
1262,2263,,0,,,yes
1263,2264,,0,one,,yes
1264,2265,,0,,both,
1265,2266,,0,,both,
1266,2267,,0,,both,
1267,2268,,0,,both,
1268,2269,,0,,both,
1269,2270,,0,,both,
1270,2271,,0,,both,
1271,2272,,0,,both,
1272,2273,,0,,both,
1273,2274,,0,,both,
1274,2275,,0,,both,
1275,2276,,0,,both,
1276,2277,,0,,both,
1277,2278,,0,,both,
1278,2279,,0,,both,
1279,2280,,0,,both,
1280,2281,,0,,both,
1281,2282,,0,,both,
1282,2285,,0,,,yes
1283,2291,,0,,both,
1284,2292,,0,,both,
1285,2293,,0,,both,
1286,2294,,0,,both,
1287,2295,,0,,right,
1288,2301,,0,,both,
1289,2302,,0,,both,
1290,2303,,0,,both,
1291,2304,,0,,,yes
1292,2305,,0,,,yes
1293,2311,both,0,both,both,yes
1294,2312,both,0,both,both,yes
1295,2313,,0,,both,
1296,2314,,0,,both,
1297,2315,,0,,both,
1298,2316,,0,,both,
1299,2317,,0,,both,
1300,2318,,0,,both,
1301,2319,,0,,both,
1302,2320,,0,,both,
1303,2321,,0,,both,
1304,2327,,0,,both,
1305,2328,,0,,both,
1306,2329,,0,,both,
1307,2330,,0,,both,
1308,2331,,0,,both,
1309,2332,,0,,both,
1310,2333,,0,,both,
1311,2334,,0,,both,
1312,2335,,0,,both,yes
1313,2336,,0,,both,yes
1314,2337,,0,,,yes
1315,2344,,0,,no,
1316,2347,,0,,both,
1317,2349,,0,,,yes
1318,2352,,0,,,yes
1319,2353,,0,,,yes
1320,2354,,0,,,yes
1321,2355,,0,,,yes
1322,2357,,0,,,yes
1323,2358,,0,,,yes
1324,2359,,0,,,yes
1325,2360,,0,,,yes
1326,2361,,0,,,yes
1327,2363,,0,,both,
1328,2364,,0,,both,
1329,2365,,0,,both,
1330,2372,,0,,,yes
1331,2378,,0,,both,
1332,2379,,0,,both,yes
1333,2380,,0,,both,
1334,2396,,0,,both,
1335,2397,,0,,both,
1336,2398,,0,,both,
1337,2399,,0,,both,
1338,2400,,0,,both,
1339,2401,,0,,both,
1340,2402,,0,,both,
1341,2403,,0,,both,
1342,2404,,0,,both,
1343,2409,,0,,,yes
1344,2410,,0,,,yes
1345,2411,,0,,,yes
1346,2427,,0,,,yes
1347,2429,right,0,,,
1348,2430,right,0,,,
1349,2431,right,0,,,
1350,2432,right,0,,,
1351,2440,,0,,both,
1352,2441,,0,,both,
1353,2450,,0,,no,
1354,2451,,0,,no,
1355,2452,,0,,no,
1356,2453,,0,,both,yes
1357,2454,,0,,both,
1358,2455,,0,,both,
1359,2458,,0,,left,
1360,2459,,0,,left,
1361,2460,,0,,left,
1362,2462,,0,,both,
1363,2463,,0,,both,
1364,2464,,0,,both,
1365,2465,,0,,both,
1366,2476,both,0,,,
1367,2477,both,0,,,
1368,2478,both,0,,,
1369,2479,both,0,,,
1370,2480,both,0,,,
1371,2481,both,0,,,
1372,2485,,0,,both,
1373,2486,,0,,both,
1374,2487,,0,,both,
1375,2488,,0,,both,
1376,2489,,0,,both,
1377,2490,,0,,both,
1378,2491,,0,,no,
1379,2492,,0,,both,
1380,2493,,0,,both,
1381,2494,,0,,both,
1382,2495,,0,,both,
1383,2496,,0,,both,
1384,2497,,0,,both,
1385,2498,,0,,both,
1386,2499,,0,,both,
1387,2500,,0,,both,
1388,2501,,0,one,,yes
1389,2502,,0,one,,yes
1390,2503,,0,one,,yes
1391,2504,,0,one,,
1392,2505,,0,one,,
1393,2506,,0,one,,
1394,2507,,0,one,,
1395,2508,,0,one,,yes
1396,2509,,0,one,,yes
1397,2510,,0,one,,yes
1398,2511,,0,one,,yes
1399,2512,,0,one,both,
1400,2513,,0,one,both,
1401,2514,,0,one,both,
1402,2517,,0,,both,
1403,2524,,0,,,yes
1404,2525,,0,,,yes
1405,2526,,0,,,yes
1406,2527,,0,,,yes
1407,2528,,0,,,yes
1408,2529,,0,,,yes
1409,2530,,0,,,yes
1410,2531,,0,,,yes
1411,2532,,0,,both,
1412,2533,,0,,both,
1413,2534,,0,,no,
1414,2535,,0,,no,
1415,2536,,0,,no,
1416,2538,,0,,both,
1417,2539,,0,,right,
1418,2540,,0,,both,
1419,2541,,0,,both,
1420,2542,,0,,both,
1421,2543,,0,,both,
1422,2544,,0,,both,
1423,2545,,0,,both,
1424,2546,,0,,both,
1425,2547,,0,,both,
1426,2548,,0,,both,
1427,2549,,0,,both,
1428,2550,,0,,both,yes
1429,2551,,0,,both,yes
1430,2552,,0,,both,yes
1431,2553,,0,,both,yes
1432,2554,,0,,,yes
1433,2555,,0,,both,
1434,2556,,0,,both,
1435,2557,,0,,both,
1436,2558,,0,,both,
1437,2559,,0,,both,
1438,2560,,0,,both,
1439,2561,,0,,both,
1440,2563,,0,,both,
1441,2564,,0,,both,
1442,2578,,0,,no,
1443,2585,,0,,no,
1444,2588,,0,,both,
1445,2589,,0,,both,
1446,2590,,0,,both,
1447,2591,,0,,both,
1448,2592,,0,,both,
1449,2593,,0,,both,
1450,2594,,0,,both,
1451,2595,,0,,both,
1452,2599,,0,,no,
1453,2600,,0,,both,
1454,2601,,0,,both,
1455,2602,,0,,both,
1456,2603,,0,,both,
1457,2604,,0,,both,
1458,2606,,0,,both,
1459,2607,,0,,both,
1460,2611,,0,,both,
1461,2612,,0,,both,
1462,2613,,0,,both,
1463,2614,,0,,both,
1464,2615,,0,,both,
1465,2635,,0,,both,
1466,2636,,0,,both,
1467,2637,,0,,both,
1468,2642,,0,,,yes
1469,2643,,0,,,yes
1470,2644,,0,,,yes
1471,2668,,0,,both,
1472,2669,,0,,both,
1473,2670,,0,,right,
1474,2677,,0,,,yes
1475,2679,,0,,,yes
1476,2680,,0,,,yes
1477,2683,,0,,,yes
1478,2684,,0,,,yes
1479,2685,,0,,,yes
1480,2691,,0,,both,
1481,2692,,0,,left,
1482,2693,,0,,left,
1483,2697,,0,,,yes
1484,2698,both,0,,,
1485,2699,both,0,,,
1486,2700,both,0,,,yes
1487,2702,,0,,,yes
1488,2704,,0,,both,yes
1489,2705,,0,,both,yes
1490,2706,,0,,both,yes
1491,2707,,0,,both,
1492,2708,,0,,both,
1493,2709,,0,,both,yes
1494,2710,,0,,both,
1495,2719,,0,,both,
1496,2720,,0,,both,
1497,2721,,0,,both,
1498,2722,,0,,both,
1499,2723,,0,,both,
1500,2724,,0,,both,
1501,2725,,0,,both,
1502,2726,,0,,both,yes
1503,2727,,0,,both,
1504,2728,,0,both,,yes
1505,2729,,0,both,,yes
1506,2730,,0,both,,yes
1507,2731,,0,both,,
1508,2732,,0,both,,
1509,2733,,0,,,yes
1510,2734,,0,,,yes
1511,2735,,0,,,yes
1512,2744,,0,both,,
1513,2747,,0,both,,
1514,2749,,0,,,yes
1515,2750,,0,,both,
1516,2751,,0,,both,
1517,2752,both,0,,,yes
1518,2753,both,0,,,yes
1519,2754,both,0,,,
1520,2755,both,0,,,
1521,2756,both,0,,,
1522,2757,both,0,,,
1523,2758,both,0,,,yes
1524,2759,both,0,,,yes
1525,2768,,0,,both,
1526,2769,,0,,both,
1527,2772,,0,,,yes
1528,2773,,0,,,yes
1529,2774,,0,,,yes
1530,2786,,0,both,,
1531,2787,,0,both,,
1532,2788,,0,both,,
1533,2789,,0,both,,
1534,2790,,0,both,,
1535,2801,,0,,both,
1536,2802,,0,,both,
1537,2803,,0,,both,
1538,2805,,0,,right,
1539,2808,,0,,both,yes
1540,2811,,0,,both,
1541,2812,,0,,both,
1542,2813,,0,,both,
1543,2817,,0,,,yes
1544,2818,,0,,,yes
1545,2819,,0,,,yes
1546,2820,,0,,,yes
1547,2821,,0,,,yes
1548,2832,,0,,both,
1549,2833,,0,,both,
1550,2834,,0,,right,
1551,2835,,0,,both,
1552,2836,,0,,both,
1553,2837,,0,,both,
1554,2838,,0,,both,
1555,2839,,0,,both,
1556,2840,,0,,both,
1557,2841,,0,,both,yes
1558,2842,,0,,,yes
1559,2850,,0,,both,
1560,2851,,0,,both,
1561,2855,right,0,,,
1562,2862,,0,,,yes
1563,2870,,0,,no,
1564,2871,,0,,no,
1565,2872,,0,,both,
1566,2873,,0,,both,
1567,2874,,0,,both,
1568,2875,,0,,both,
1569,2881,,0,,both,
1570,2882,,0,,left,
1571,2883,,0,,left,
1572,2884,,0,,left,
1573,2885,,0,,both,
1574,2886,both,0,,,
1575,2887,both,0,,,
1576,2888,both,0,,,
1577,2889,both,0,,,
1578,2890,both,0,,,
1579,2891,both,0,,,
1580,2892,both,0,,,
1581,2900,one,0,,,
1582,2901,one,0,,,
1583,2902,one,0,,,
1584,2903,right,1,,,
1585,2906,,0,,no,
1586,2907,,0,,both,
1587,2925,,0,,,yes
1588,2926,,0,,,yes
1589,2927,both,0,,,yes
1590,2928,both,0,,,
1591,2929,both,0,,,
1592,2930,both,0,,,
1593,2931,both,0,,,
1594,2932,both,0,,,
1595,2933,both,0,,,
1596,2934,both,0,,,
1597,2935,both,0,,,
1598,2936,both,0,,,
1599,2937,both,0,,,
1600,2938,both,0,,,
1601,2950,,0,,no,
1602,2951,,0,,no,
1603,2952,,0,,no,
1604,2953,,0,,both,
1605,2962,,0,,both,
1606,2963,,0,,both,
1607,2964,,0,,both,
1608,2965,,0,,both,
1609,2966,,0,,both,
1610,2967,,0,,both,
1611,2980,both,0,,,
1612,2981,both,0,,,
1613,2982,both,0,,,
1614,2983,both,0,,,
1615,2984,both,0,,,
1616,2985,both,0,,,
1617,2986,both,0,,,
1618,2987,both,0,,,
1619,2988,both,0,,,
1620,2989,both,0,,,
1621,2990,both,0,,,
1622,2991,both,1,,both,
1623,2997,,0,,no,
1624,2998,,0,,no,
1625,2999,,0,,left,
1626,3001,,0,,both,
1627,3002,,0,,both,
1628,3003,,0,,both,
1629,3004,,0,,both,
1630,3005,,0,,both,
1631,3006,,0,,both,
1632,3007,,0,,both,
1633,3008,,0,,no,
1634,3010,,0,,both,
1635,3011,,0,,both,
1636,3012,,0,,,yes
1637,3013,,0,,,yes
1638,3014,,0,,,yes
1639,3021,,0,,,yes
1640,3025,,0,,both,
1641,3028,,0,,both,
1642,3029,,0,,both,
1643,3030,,0,,both,
1644,3031,,0,,both,
1645,3032,,0,,both,
1646,3044,,0,,both,yes
1647,3046,,0,,,yes
1648,3047,,0,,,yes
1649,3054,,0,,both,
1650,3055,,0,,no,
1651,3056,,0,,no,
1652,3057,,0,,no,
1653,3058,,0,,no,
1654,3070,,0,,no,
1655,3071,,0,,no,
1656,3072,,0,,both,
1657,3073,,0,,both,
1658,3074,,0,,both,yes
1659,3075,,0,,both,yes
1660,3076,,0,,both,
1661,3089,,0,,no,
1662,3092,,0,,,yes
1663,3093,,0,,,yes
1664,3103,,0,,both,
1665,3104,,0,,both,
1666,3105,,0,,both,
1667,3106,,0,,both,
1668,3107,,0,,both,
1669,3108,,0,,both,
1670,3109,,0,,both,
1671,3110,,0,,both,
1672,3117,,0,,both,
1673,3118,,0,,both,
1674,3119,,0,,both,
1675,3124,,0,,,yes
1676,3128,,0,,both,
1677,3129,,0,,both,
1678,3144,,0,,both,yes
1679,3145,,0,,both,
1680,3146,,0,,both,
1681,3147,,0,,both,
1682,3148,,0,,both,
1683,3149,,0,,both,
1684,3150,,0,,,yes
1685,3164,,0,,both,
1686,3172,,0,,both,
1687,3184,,0,,,yes
1688,3185,,0,,,yes
1689,3186,,0,,,yes
1690,3189,,0,,both,
1691,3190,,0,,both,
1692,3191,,0,,both,
1693,3192,,0,,both,
1694,3193,,0,,both,
1695,3194,,0,,both,
1696,3195,,0,,both,
1697,3196,,0,,both,
1698,3197,,0,,both,
1699,3204,,0,,,yes
1700,3206,,0,,,yes
1701,3207,,0,,both,yes
1702,3208,one,0,,,
1703,3209,one,0,,,
1704,3210,right,1,,,
1705,3211,one,0,,,
1706,3212,one,0,,,yes
1707,3213,,0,,both,
1708,3214,,0,,both,
1709,3216,,0,,,yes
1710,3223,,0,,both,
1711,3224,,0,,both,
1712,3225,,0,,both,
1713,3226,,0,,both,
1714,3227,,0,,both,
1715,3228,,0,,both,
1716,3229,,0,,both,
1717,3230,,0,,right,
1718,3234,,0,,both,
1719,3235,,0,,no,
1720,3250,,0,,no,
1721,3252,,0,,no,
1722,3253,,0,,no,
1723,3254,,0,,no,
1724,3255,,0,,both,
1725,3257,,0,,,yes
1726,3263,,0,,,yes
1727,3271,,0,,right,
1728,3272,,0,,right,
1729,3273,,0,,right,
1730,3274,,0,,right,
1731,3275,,0,,right,
1732,3276,,0,,right,
1733,3277,,0,,right,
1734,3279,,0,,right,
1735,3280,,0,,right,
1736,3281,,0,,right,
1737,3282,,0,,right,
1738,3283,,0,,right,
1739,3297,,0,,both,
1740,3298,,0,,both,
1741,3299,,0,,both,
1742,3312,,0,,both,
1743,3313,,0,,both,
1744,3314,,0,,both,
1745,3326,,0,,both,
1746,3327,,0,,both,
1747,3328,,0,,both,
1748,3329,,0,,both,
1749,3330,,0,,both,
1750,3331,,0,,both,
1751,3332,,0,,right,
1752,3333,,0,,right,
1753,3335,,0,,,yes
1754,3336,,0,,,yes
1755,3340,,0,,both,
1756,3341,,0,,both,
1757,3342,,0,,right,
1758,3343,,0,,both,
1759,3344,,0,,both,
1760,3345,,0,,both,
1761,3346,,0,,both,
1762,3347,,0,,both,
1763,3352,,0,,both,
1764,3353,,0,,both,
1765,3355,,0,,,yes
1766,3356,,0,,,yes
1767,3357,,0,,,yes
1768,3358,,0,,,yes
1769,3359,,0,,,yes
1770,3360,,0,,both,
1771,3361,,0,,both,
1772,3381,,0,,,yes
1773,3382,,0,,,yes
1774,3383,,0,,,yes
1775,3384,,0,,,yes
1776,3385,,0,,,yes
1777,3387,,0,,,yes
1778,3388,,0,,,yes
1779,3390,,0,,,yes
1780,3396,,0,,both,
1781,3397,,0,,both,
1782,3398,,0,,both,
1783,3399,,0,,both,
1784,3400,right,0,,,
1785,3401,,0,,both,
1786,3402,,0,,both,
1787,3403,,0,,both,
1788,3404,,0,,both,
1789,3405,,0,,both,
1790,3406,,0,,both,
1791,3407,,0,,both,
1792,3408,,0,,both,
1793,3409,,0,,left,
1794,3410,,0,,left,
1795,3411,,0,,left,
1796,3412,,0,,left,
1797,3413,,0,,both,
1798,3414,,0,,both,
1799,3415,,0,,both,
1800,3416,,0,,both,
1801,3417,,0,,both,
1802,3418,,0,,both,
1803,3419,,0,,both,
1804,3420,,0,,both,
1805,3421,,0,,both,
1806,3422,,0,,both,
1807,3423,,0,,both,
1808,3424,,0,,both,
1809,3425,,0,,both,
1810,3426,,0,,both,
1811,3427,,0,,no,
1812,3441,,0,,,yes
1813,3446,,0,,right,
1814,3447,,0,,right,
1815,3448,,0,,right,
1816,3449,,0,,right,
1817,3450,,0,,right,
1818,3451,,0,,no,
1819,3452,,0,,no,
1820,3453,,0,,no,
1821,3460,,0,,no,
1822,3465,,0,,no,
1823,3468,,0,,,yes
1824,3479,,0,,both,
1825,3483,,0,,both,yes
1826,3484,,0,,both,
1827,3505,,0,,both,
1828,3506,,0,,both,
1829,3507,,0,,both,
1830,3508,,0,,both,
1831,3509,,0,,both,
1832,3510,,0,,both,
1833,3511,,0,,both,
1834,3512,,0,,both,
1835,3513,,0,,both,
1836,3514,,0,,both,
1837,3515,,0,,both,
1838,3516,,0,,both,
1839,3517,,0,,both,
1840,3518,,0,,both,
1841,3519,,0,,both,
1842,3520,,0,,both,
1843,3526,,0,,,yes
1844,3537,,0,,both,
1845,3538,,0,,no,
1846,3539,,0,,no,
1847,3541,,0,,both,
1848,3542,,0,,both,
1849,3543,,0,,both,
1850,3544,,0,,both,
1851,3545,,0,,both,
1852,3546,,0,,both,
1853,3547,,0,,both,
1854,3556,,0,,both,
1855,3557,,0,,both,
1856,3558,,0,,both,
1857,3559,,0,,both,
1858,3560,,0,,both,
1859,3561,,0,,both,
1860,3562,,0,,both,
1861,3563,,0,,both,
1862,3564,,0,,both,
1863,3566,,0,,no,
1864,3567,,0,,no,
1865,3568,,0,,both,
1866,3580,,0,,both,
1867,3581,,0,,both,
1868,3582,,0,,both,
1869,3585,,0,,both,
1870,3586,,0,,both,
1871,3587,,0,,both,
1872,3588,,0,,both,
1873,3599,both,0,,,
1874,3600,both,0,,,
1875,3601,both,0,,,
1876,3602,both,0,,,
1877,3603,both,0,,,
1878,3604,both,0,,,yes
1879,3605,both,0,,,yes
1880,3606,both,0,,,yes
1881,3607,both,0,,,yes
1882,3608,both,0,,,yes
1883,3609,both,0,,,yes
1884,3610,both,0,,,yes
1885,3611,,0,,both,
1886,3612,,0,,both,
1887,3613,,0,,both,
1888,3614,,0,,both,
1889,3615,,0,,both,
1890,3616,,0,,both,
1891,3620,,0,,both,
1892,3621,,0,,both,
1893,3622,,0,,both,
1894,3647,,0,,,yes
1895,3650,both,0,,,
1896,3651,both,0,,,
1897,3652,both,0,,,
1898,3653,,0,,both,
1899,3654,,0,,both,
1900,3655,,0,,both,yes
1901,3656,both,0,,,yes
1902,3657,,0,,,yes
1903,3658,,0,,,yes
1904,3659,,0,,,yes
1905,3660,,0,,,yes
1906,3661,both,0,,,yes
1907,3662,both,0,,,yes
1908,3663,,0,,,yes
1909,3664,,0,,,yes
1910,3665,,0,,,yes
1911,3666,,0,,,yes
1912,3667,,0,,both,
1913,3668,,0,,both,yes
1914,3669,,0,,both,
1915,3670,,0,,both,yes
1916,3671,,0,,both,
1917,3672,,0,,both,
1918,3673,,0,,both,
1919,3674,,0,,both,yes
1920,3677,,0,,right,
1921,3678,,0,,right,
1922,3679,,0,,right,
1923,3680,,0,,right,
1924,3685,,0,,,yes
1925,3686,,0,,,yes
1926,3691,,0,,,yes
1927,3694,,0,,both,
1928,3695,,0,,both,
1929,3696,,0,,both,
1930,3697,,0,,both,
1931,3698,,0,,both,
1932,3699,,0,,both,
1933,3700,,0,,both,
1934,3702,,0,,right,
1935,3703,,0,,right,
1936,3704,,0,,no,
1937,3705,,0,,no,
1938,3706,,0,,no,
1939,3707,,0,,no,
1940,3709,,0,,both,
1941,3715,,0,,both,
1942,3716,,0,,,yes
1943,3732,,0,,no,
1944,3734,,0,,no,yes
1945,3735,,0,,no,
1946,3736,,0,,no,
1947,3742,,0,,right,
1948,3744,,0,,both,yes
1949,3746,,0,,both,
1950,3764,,0,,,yes
1951,3771,,0,,both,
1952,3772,,0,,both,
1953,3773,,0,,both,
1954,3774,,0,,no,
1955,3775,,0,,no,
1956,3776,,0,,no,
1957,3778,,0,,,yes
1958,3785,,0,,,yes
1959,3786,,0,,,yes
1960,3787,,0,,,yes
1961,3788,,0,,,yes
1962,3791,both,0,,,yes
1963,3792,both,0,,,yes
1964,3793,both,0,,,yes
1965,3794,both,0,,,yes
1966,3795,both,0,,,yes
1967,3796,both,0,,,
1968,3808,,0,,both,
1969,3809,,0,,both,
1970,3810,,0,,both,
1971,3811,,0,,both,
1972,3812,,0,,both,
1973,3813,,0,,both,
1974,3814,,0,,both,
1975,3815,,0,,both,
1976,3816,,0,,both,
1977,3817,,0,,both,
1978,3818,,0,,both,
1979,3819,,0,,both,
1980,3820,,0,,both,
1981,3821,,0,,both,
1982,3822,,0,,both,
1983,3823,,0,,both,
1984,3824,,0,,both,
1985,3825,,0,,both,
1986,3826,,0,,,yes
1987,3827,,0,,both,
1988,3828,,0,,both,
1989,3829,,0,,both,
1990,3830,,0,,both,
1991,3831,,0,,both,
1992,3832,,0,,both,
1993,3833,,0,,both,
1994,3834,,0,,both,
1995,3835,,0,,both,
1996,3836,,0,,both,
1997,3837,,0,,both,
1998,3839,,0,,no,
1999,3841,,0,,left,
2000,3844,,0,,,yes
2001,3845,,0,,,yes
2002,3848,,0,,both,
2003,3849,,0,,,no
2004,3850,,0,,,no
2005,3851,,0,,,no
2006,3853,,0,,both,
2007,3854,,0,,left,
2008,3855,,0,,both,
2009,3856,,0,,both,
2010,3857,,0,,both,
2011,3858,,0,,both,
2012,3859,,0,,both,
2013,3860,,0,,both,
2014,3861,,0,,both,
2015,3862,,0,,both,
2016,3863,,0,,both,
2017,3864,,0,,both,
2018,3865,,0,,both,
2019,3866,,0,,both,
2020,3867,,0,,both,
2021,3868,,0,,both,
2022,3869,,0,,both,
2023,3871,,0,,both,yes
2024,3872,,0,,both,
2025,3876,,0,,both,
2026,3877,,0,,both,
2027,3879,,0,,both,
2028,3880,,0,,both,
2029,3881,,0,,both,
2030,3883,,0,,no,
2031,3884,,0,,no,
2032,3885,,0,,both,
2033,3899,,0,,left,
2034,3900,,0,,both,
2035,3902,,0,,,yes
2036,3907,,0,,both,
2037,3908,,0,,both,
2038,3914,,0,,both,yes
2039,3915,,0,,both,yes
2040,3916,,0,,both,yes
2041,3917,,0,,both,yes
2042,3920,,0,,,yes
2043,3921,,0,,,yes
2044,3922,,0,,,yes
2045,3923,,0,,,yes
2046,3924,,0,,,yes
2047,3925,,0,,,yes
2048,3926,,0,,,yes
2049,3927,,0,,,yes
2050,3928,,0,,,yes
2051,3929,,0,,,yes
2052,3930,,0,,,yes
2053,3935,,0,,both,
2054,3936,,0,,both,
2055,3937,,0,,both,
2056,3938,,0,,both,
2057,3939,,0,,both,
2058,3940,,0,,both,
2059,3945,one,0,,both,
2060,3946,one,0,,both,
2061,3947,one,0,,both,
2062,3948,,0,,no,
2063,3949,,0,,no,
2064,3950,,0,,no,
2065,3959,,0,,both,
2066,3960,,0,,both,
2067,3961,,0,,both,
2068,3965,,0,,both,
2069,3966,,0,,both,
2070,3983,,0,,no,
2071,3984,,0,,both,
2072,3985,,0,,no,
2073,3987,,0,,both,
2074,3988,,0,,both,
2075,3989,,0,,both,
2076,3990,,0,,both,
2077,3991,,0,,both,
2078,3992,,0,,both,
2079,3993,,0,,both,
2080,3994,,0,,both,
2081,3995,,0,,both,
2082,3996,,0,,both,
2083,3997,,0,,both,
2084,3998,,0,,both,
2085,3999,,0,,both,
2086,4007,,0,,both,
2087,4008,,0,,both,
2088,4009,,0,,both,
2089,4010,,0,,both,
2090,4011,,0,,both,
2091,4012,,0,,both,yes
2092,4013,,0,,both,
2093,4021,,0,,no,
2094,4022,,0,,no,
2095,4023,,0,,no,
2096,4024,,0,,both,
2097,4027,,0,,both,
2098,4029,,0,,both,
2099,4030,,0,,both,
2100,4031,,0,,both,
2101,4032,,0,,both,
2102,4033,,0,,both,
2103,4034,,0,,both,
2104,4035,,0,,both,
2105,4036,,0,,left,yes
2106,4037,,0,,both,
2107,4038,,0,,both,
2108,4039,,0,,both,
2109,4040,,0,,both,
2110,4041,,0,,both,
2111,4042,,0,,both,
2112,4043,,0,,both,
2113,4044,,0,,both,
2114,4048,,0,,both,
2115,4049,,0,,both,
2116,4050,,0,,both,
2117,4051,,0,,both,
2118,4052,,0,,both,
2119,4059,,0,,,yes
2120,4060,,0,,,yes
2121,4061,,0,,,yes
2122,4062,,0,,,yes
2123,4064,,0,,,yes
2124,4065,,0,,,yes
2125,4066,,0,,,yes
2126,4067,,0,,,yes
2127,4068,,0,,,yes
2128,4069,,0,,,yes
2129,4070,,0,,,yes
2130,4071,,0,,both,
2131,4072,,0,,both,
2132,4074,,0,,both,
2133,4075,,0,,both,
2134,4076,,0,,both,
2135,4077,,0,,both,
2136,4078,,0,,both,
2137,4079,,0,,both,
2138,4080,,0,,both,
2139,4081,,0,,both,
2140,4082,,0,,both,
2141,4083,,0,,both,
2142,4084,,0,,both,
2143,4085,,0,,both,
2144,4088,,0,,both,
2145,4089,,0,,both,
2146,4090,,0,,both,
2147,4091,,0,,both,
2148,4092,,0,,both,
2149,4093,,0,,both,
2150,4094,,0,,both,
2151,4095,,0,,both,
2152,4096,,0,,both,
2153,4097,,0,,both,
2154,4098,,0,,both,
2155,4099,,0,,both,
2156,4100,,0,,right,
2157,4103,,0,,both,
2158,4104,,0,,both,
2159,4105,,0,,both,
2160,4106,,0,,both,
2161,4107,,0,,both,
2162,4108,,0,,both,
2163,4109,,0,,both,
2164,4110,,0,,both,yes
2165,4111,,0,,both,yes
2166,4112,,0,,both,
2167,4113,,0,,both,
2168,4114,,0,,both,
2169,4115,,0,,both,
2170,4121,,0,,,yes
2171,4124,,0,,both,
2172,4125,,0,,both,
2173,4126,,0,,both,
2174,4127,,0,,both,
2175,4128,,0,,both,yes
2176,4129,,0,,both,yes
2177,4130,,0,,,yes
2178,4131,,0,,left,yes
2179,4132,,0,,left,
2180,4144,,0,,no,
2181,4162,,0,,both,
2182,4163,,0,,both,
2183,4164,,0,,both,
2184,4165,,0,,both,
2185,4166,,0,,right,
2186,4170,,0,,no,
2187,4171,,0,,no,yes
2188,4172,,0,,no,yes
2189,4173,,0,,no,yes
2190,4174,,0,,no,yes
2191,4175,,0,,,yes
2192,4179,,0,both,,
2193,4181,,0,,both,
2194,4182,,0,,both,
2195,4183,,0,,both,
2196,4184,,0,,both,
2197,4185,,0,,both,
2198,4186,,0,,both,
2199,4187,,0,,both,
2200,4188,,0,,both,
2201,4189,,0,,both,
2202,4190,,0,,both,
2203,4191,,0,,both,
2204,4192,,0,,both,
2205,4193,,0,,both,
2206,4194,,0,,both,
2207,4195,,0,,both,
2208,4196,,0,,both,
2209,4197,,0,,both,
2210,4202,one,0,,both,
2211,4203,one,0,,both,
2212,4209,,0,,,yes
2213,4212,,0,,both,
2214,4213,,0,,both,
2215,4214,,0,,both,
2216,4215,,0,,both,
2217,4216,,0,,both,
2218,4217,,0,,both,
2219,4218,,0,,both,
2220,4219,,0,,both,
2221,4225,,0,,both,
2222,4226,,0,,both,
2223,4230,,0,,no,
2224,4231,,0,,no,
2225,4233,,0,,both,
2226,4234,,0,,both,
2227,4264,,0,,,yes
2228,4268,,0,,both,
2229,4269,,0,,both,
2230,4275,,0,both,,yes
2231,4276,,0,both,,yes
2232,4280,,0,,no,
2233,4281,,0,,both,
2234,4282,,0,,right,
2235,4294,,0,,no,
2236,4295,,0,,no,
2237,4296,,0,,no,
2238,4300,,0,,no,
2239,4301,,0,,no,
2240,4302,,0,,both,
2241,4303,,0,,both,
2242,4304,,0,,both,
2243,4305,,0,,both,
2244,4306,,0,,no,
2245,4313,,0,,both,
2246,4314,,0,,both,
2247,4315,,0,,both,
2248,4316,,0,,both,
2249,4317,,0,,both,
2250,4318,,0,,both,
2251,4319,,0,,both,
2252,4320,,0,,both,
2253,4321,,0,,both,
2254,4322,,0,,both,
2255,4339,,0,,both,
2256,4340,,0,,both,
2257,4341,,0,,both,
2258,4342,,0,,both,
2259,4343,,0,,both,
2260,4344,,0,,both,
2261,4345,,0,,no,
2262,4353,,0,,no,
2263,4354,both,0,,,
2264,4355,both,0,,,
2265,4356,both,0,,,
2266,4357,both,0,,,
2267,4358,both,0,,,
2268,4359,both,0,,,
2269,4360,both,0,,,
2270,4361,both,0,,,
2271,4362,both,0,,,
2272,4363,both,0,,,yes
2273,4364,,0,,,yes
2274,4371,,0,,both,
2275,4372,,0,,,yes
2276,4373,,0,,both,
2277,4374,,0,,both,
2278,4375,,0,,both,
2279,4376,,0,,both,
2280,4377,,0,,both,
2281,4378,,0,,both,
2282,4379,,0,,both,
2283,4380,,0,,both,
2284,4381,,0,,both,
2285,4382,,0,,both,
2286,4383,,0,,both,
2287,4384,,0,,both,
2288,4385,,0,both,,
2289,4386,,0,both,,
2290,4387,,0,both,,yes
2291,4388,,0,both,,yes
2292,4389,,0,both,,yes
2293,4390,,0,,,yes
2294,4392,,0,,,yes
2295,4393,,0,,,yes
2296,4394,,0,,,yes
2297,4404,,0,,both,
2298,4405,,0,,both,
2299,4406,,0,,both,yes
2300,4407,,0,,both,
2301,4408,,0,,both,
2302,4409,,0,,no,
2303,4410,,0,,no,
2304,4411,,0,,both,
2305,4413,,0,,both,
2306,4418,one,0,,both,
2307,4419,one,0,,both,
2308,4420,one,0,,both,
2309,4421,one,0,,both,
2310,4422,one,0,,both,
2311,4423,one,0,,both,
2312,4424,one,0,,both,
2313,4427,one,0,,,
2314,4428,one,0,,,
2315,4429,one,0,,,
2316,4430,one,0,,,
2317,4431,one,0,,,
2318,4432,one,0,,,
2319,4433,one,0,,,
2320,4434,one,0,,,yes
2321,4435,one,0,,,
2322,4436,,0,,both,
2323,4437,,0,,both,
2324,4438,,0,,both,
2325,4439,,0,,both,
2326,4440,,0,,both,
2327,4441,,0,,both,
2328,4442,,0,,both,
2329,4443,,0,,both,
2330,4444,,0,,both,
2331,4445,,0,,both,
2332,4446,,0,,both,
2333,4447,,0,,both,
2334,4448,,0,,both,
2335,4449,,0,,both,
2336,4450,,0,,both,
2337,4451,,0,,both,
2338,4452,,0,,both,
2339,4453,,0,,both,
2340,4454,,0,,both,
2341,4455,,0,,both,
2342,4457,,0,,both,
2343,4464,,0,,both,
2344,4467,,0,,no,
2345,4468,,0,,no,
2346,4469,,0,,no,
2347,4471,one,0,,,
2348,4472,one,0,,,
2349,4473,one,0,,,
2350,4474,one,0,,,
2351,4475,one,0,,,
2352,4476,one,0,,,
2353,4477,one,0,,,
2354,4478,one,0,,,
2355,4479,one,0,,,
2356,4480,one,0,,,
2357,4481,one,0,,,yes
2358,4482,one,0,,,yes
2359,4483,one,0,,,
2360,4484,one,0,,,
2361,4485,one,0,,,
2362,4487,one,0,,,
2363,4488,one,0,,,
2364,4489,one,0,,,
2365,4490,one,0,,,
2366,4491,one,0,,,
2367,4505,,0,,both,
2368,4506,,0,,both,
2369,4507,,0,,both,
2370,4508,,0,,both,
2371,4509,,0,,both,
2372,4510,,0,,both,
2373,4511,,0,,both,
2374,4512,,0,,both,
2375,4513,,0,,both,
2376,4514,,0,,both,
2377,4515,,0,,both,
2378,4521,,0,,no,
2379,4534,,0,,both,
2380,4535,,0,,both,
2381,4536,,0,,both,
2382,4537,,0,,both,
2383,4538,,0,,both,
2384,4540,,0,,no,
2385,4541,,0,,no,
2386,4542,,0,,no,
2387,4543,,0,,no,
2388,4568,,0,both,,yes
2389,4569,,0,both,,
2390,4570,,0,both,,yes
2391,4574,,0,both,,
2392,4577,,0,,both,
2393,4578,,0,,both,
2394,4579,,0,,both,
2395,4580,,0,,both,
2396,4581,,0,,both,
2397,4582,,0,,both,
2398,4583,,0,,both,
2399,4584,both,0,,both,
2400,4585,both,0,,both,
2401,4586,both,0,,both,
2402,4587,both,0,,both,
2403,4588,both,0,,both,
2404,4589,both,0,,both,
2405,4590,,0,,both,
2406,4591,,0,,both,
2407,4594,,0,,,yes
2408,4595,,0,,,yes
2409,4608,,0,,left,
2410,4625,,0,,,yes
2411,4626,,0,,,yes
2412,4627,,0,,,yes
2413,4628,,0,,,yes
2414,4629,both,0,,,
2415,4630,both,0,,,
2416,4631,both,0,,,
2417,4632,both,0,,,
2418,4633,both,0,,,
2419,4634,,0,,both,
2420,4635,,0,,both,
2421,4636,,0,,both,
2422,4640,,0,,right,
2423,4641,,0,,right,
2424,4642,,0,,left,
2425,4643,,0,,both,
2426,4644,,0,,left,
2427,4645,,0,,left,
2428,4646,,0,,left,
2429,4647,,0,,left,
2430,4648,,0,,both,
2431,4649,,0,,left,
2432,4650,,0,,left,
2433,4651,,0,,left,
2434,4652,,0,,left,
2435,4653,,0,,left,
2436,4654,,0,,left,
2437,4655,,0,,left,
2438,4656,,0,,left,
2439,4657,,0,,left,
2440,4658,,0,,left,
2441,4659,,0,,both,
2442,4660,,0,,both,
2443,4661,,0,,both,
2444,4662,,0,,both,
2445,4663,,0,,both,
2446,4665,one,0,both,,yes
2447,4669,,0,,both,
2448,4670,,0,,both,
2449,4671,,0,,both,
2450,4673,,0,,no,
2451,4674,,0,,no,
2452,4675,,0,,both,
2453,4676,,0,,both,
2454,4677,,0,,both,
2455,4678,,0,,both,
2456,4679,,0,,both,
2457,4681,both,0,,,
2458,4682,both,0,,,
2459,4683,both,0,,,
2460,4684,,0,,,yes
2461,4685,,0,,,yes
2462,4694,,0,,both,
2463,4696,,0,,left,
2464,4697,,0,,left,
2465,4698,,0,,left,
2466,4699,,0,,left,yes
2467,4708,one,0,both,,yes
2468,4709,one,0,both,,yes
2469,4711,,0,,both,
2470,4717,both,0,,,
2471,4718,both,0,,,
2472,4719,both,0,,,
2473,4720,both,0,,,
2474,4736,,0,,both,
2475,4737,,0,,both,
2476,4738,,0,,no,
2477,4739,,0,,no,
2478,4740,,0,,right,
2479,4742,,0,,no,
2480,4743,,0,,no,
2481,4744,,0,,no,
2482,4745,,0,,no,
2483,4759,,0,,,yes
2484,4763,,0,,right,
2485,4764,,0,,right,
2486,4770,,0,,both,
2487,4771,,0,,both,
2488,4772,,0,,both,
2489,4773,,0,,left,
2490,4774,,0,,left,
2491,4775,,0,,left,
2492,4776,,0,,no,
2493,4778,one,0,one,both,
2494,4779,one,0,one,both,
2495,4780,one,0,one,both,
2496,4781,one,0,one,,
2497,4782,one,0,one,,
2498,4783,one,0,one,,
2499,4784,one,0,one,,
2500,4785,one,0,one,,
2501,4786,one,0,one,,
2502,4787,one,0,one,,
2503,4788,one,0,one,,
2504,4789,one,0,one,,
2505,4790,one,0,one,,
2506,4791,one,0,one,,
2507,4792,one,0,one,,
2508,4793,one,0,one,,
2509,4794,one,0,one,,
2510,4795,one,0,one,,yes
2511,4798,,0,,left,
2512,4799,,0,,left,
2513,4800,,0,,left,
2514,4801,,0,,both,
2515,4802,,0,,both,
2516,4805,,0,,right,
2517,4806,,0,,right,
2518,4808,,0,,no,
2519,4811,,0,,both,
2520,4812,,0,,both,
2521,4813,,0,,both,
2522,4815,,0,,both,yes
2523,4816,,0,,no,
2524,4817,,0,,no,
2525,4818,,0,,no,
2526,4819,,0,,no,
2527,4824,,0,,both,
2528,4825,,0,,both,
2529,4826,,0,,both,
2530,4827,,0,,both,
2531,4828,,0,,both,
2532,4829,,0,,both,
2533,4830,,0,,both,
2534,4831,,0,,both,
2535,4832,,0,,both,
2536,4833,,0,,both,
2537,4834,,0,,both,
2538,4836,one,0,one,,yes
2539,4837,one,0,one,,
2540,4838,one,0,one,,
2541,4839,one,0,one,,
2542,4840,both,0,one,,
2543,4841,one,0,one,,
2544,4842,one,0,one,,
2545,4843,one,0,one,,
2546,4844,one,0,one,,
2547,4845,,0,,both,
2548,4846,,0,,both,
2549,4847,,0,,both,
2550,4848,,0,,both,
2551,4849,,0,,both,
2552,4850,,0,,both,
2553,4851,,0,,both,
2554,4857,,0,,no,
2555,4858,,0,,no,
2556,4869,,0,,both,
2557,4870,,0,,both,
2558,4871,,0,,both,
2559,4872,,0,,both,
2560,4877,,0,,,yes
2561,4886,,0,,both,
2562,4902,,0,,both,
2563,4903,,0,,both,
2564,4904,,0,,left,
2565,4905,,0,,left,
2566,4906,,0,,left,
2567,4907,,0,,left,
2568,4908,,0,,left,
2569,4909,,0,,left,
2570,4910,,0,,both,
2571,4911,,0,,both,
2572,4919,,0,,both,
2573,4924,,0,,both,
2574,4931,,0,,both,
2575,4932,,0,,both,
2576,4933,,0,,both,
2577,4934,,0,,both,
2578,4935,,0,,both,
2579,4936,,0,,both,
2580,4937,,0,,both,
2581,4938,,0,,both,
2582,4939,,0,,both,
2583,4940,,0,,both,
2584,4941,,0,,both,
2585,4942,,0,,both,
2586,4943,,0,,both,
2587,4951,,0,,no,
2588,4952,,0,,no,
2589,4953,,0,,no,
2590,4954,,0,,both,
2591,4955,,0,,both,
2592,4956,,0,,both,
2593,4964,,0,,no,
2594,4969,,0,,right,
2595,4970,,0,,right,
2596,4971,,0,,both,yes
2597,4972,,0,,both,
2598,4973,,0,,both,
2599,4974,,0,,both,
2600,4975,,0,,both,
2601,4979,,0,,both,
2602,4980,,0,,both,
2603,4981,,0,,both,
2604,4982,,0,,both,
2605,4983,,0,,both,
2606,4984,,0,,no,
2607,4985,,0,,both,
2608,4986,,0,,both,
2609,4987,,0,,both,
2610,4992,both,0,,,yes
2611,4993,both,0,,,yes
2612,4994,both,0,,,yes
2613,4995,both,0,,,yes
2614,4996,both,0,,,yes
2615,4997,right,0,,,yes
2616,4998,right,0,,,yes
2617,4999,right,0,,,yes
2618,5001,,0,,both,
2619,5004,,0,,no,
2620,5008,one,0,,,
2621,5009,one,0,,,
2622,5010,one,0,,,
2623,5011,one,0,,,
2624,5012,one,0,,,
2625,5013,one,0,,,
2626,5014,one,0,,,
2627,5015,one,0,,,
2628,5016,one,0,,,
2629,5017,one,0,,,
2630,5018,one,0,,,
2631,5030,,0,,both,
2632,5031,,0,,both,
2633,5032,,0,,both,
2634,5034,,0,,no,
2635,5035,,0,,no,
2636,5036,,0,,no,
2637,5037,,0,,both,
2638,5038,,0,,both,
2639,5039,,0,,both,
2640,5040,,0,,both,
2641,5041,,0,,both,
2642,5042,,0,,both,
2643,5043,,0,,both,
2644,5044,,0,,both,
2645,5045,,0,,both,
2646,5046,,0,,both,
2647,5047,,0,,both,
2648,5048,,0,,both,
2649,5049,,0,,both,
2650,5050,,0,,both,
2651,5051,,0,,both,
2652,5056,,0,,both,
2653,5057,,0,,both,
2654,5058,,0,,right,
2655,5059,,0,,both,
2656,5060,,0,,both,
2657,5061,,0,,both,
2658,5062,,0,,both,
2659,5066,,0,,,no
2660,5068,one,0,,,
2661,5073,,0,,,yes
2662,5074,,0,,both,yes
2663,5075,,0,,both,
2664,5076,,0,,both,
2665,5077,,0,,both,
2666,5085,,0,,no,
2667,5086,,0,,no,
2668,5087,,0,,no,
2669,5088,,0,,no,
2670,5089,,0,,both,yes
2671,5090,,0,,both,yes
2672,5091,,0,,both,yes
2673,5092,,0,,both,yes
2674,5093,,0,,,yes
2675,5094,,0,both,,yes
2676,5112,,0,,both,
2677,5113,,0,,both,
2678,5120,,0,,both,
2679,5121,,0,,both,
2680,5122,,0,,both,
2681,5123,,0,,both,
2682,5124,,0,,both,
2683,5125,,0,,both,
2684,5126,,0,,both,
2685,5127,,0,,both,
2686,5129,,0,,left,
2687,5130,,0,,left,
2688,5131,,0,,both,
2689,5132,,0,,both,
2690,5133,,0,,both,
2691,5149,,0,,both,
2692,5150,,0,,both,
2693,5151,,0,,both,
2694,5152,,0,,both,
2695,5153,,0,,both,
2696,5154,,0,,both,
2697,5155,,0,,both,
2698,5156,,0,,both,
2699,5157,,0,,both,
2700,5161,,0,,both,yes
2701,5162,,0,,both,yes
2702,5167,,0,,both,
2703,5169,,0,,both,
2704,5170,,0,,both,
2705,5171,,0,,both,
2706,5172,,0,,both,
2707,5173,,0,,both,
2708,5174,,0,,both,
2709,5175,,0,,both,
2710,5176,,0,,both,
2711,5177,,0,,both,
2712,5178,,0,,both,
2713,5179,,0,,both,yes
2714,5180,,0,,both,
2715,5181,,0,,both,
2716,5182,,0,,both,
2717,5183,,0,,both,
2718,5185,,0,,both,
2719,5186,,0,,both,
2720,5187,,0,,both,
2721,5188,,0,,both,
2722,5190,,0,,both,
2723,5191,,0,,both,
2724,5192,,0,,both,
2725,5193,,0,,both,yes
2726,5199,,0,,right,yes
2727,5200,,0,,right,yes
2728,5201,,0,,right,yes
2729,5202,,0,,both,yes
2730,5203,,0,both,both,yes
2731,5204,,0,both,both,yes
2732,5205,,0,both,,yes
2733,5206,,0,both,,no
2734,5207,,0,both,,no
2735,5208,,0,both,,yes
2736,5209,,0,both,,
2737,5210,,0,both,,
2738,5212,,0,,both,
2739,5213,,0,,left,
2740,5220,,0,,no,
2741,5221,,0,,no,
2742,5222,,0,,both,
2743,5223,,0,,both,yes
2744,5224,,0,,both,yes
2745,5225,,0,,both,yes
2746,5226,,0,,both,yes
2747,5227,,0,,both,
2748,5228,,0,,both,
2749,5229,,0,,,yes
2750,5235,,0,both,,
2751,5236,,0,both,,
2752,5237,,0,both,,
2753,5240,,0,,both,
2754,5242,,0,,right,
2755,5243,,0,,right,
2756,5244,,0,,right,
2757,5245,,0,,both,
2758,5249,,0,,both,
2759,5250,,0,,both,
2760,5251,,0,,both,
2761,5252,,0,,both,
2762,5253,,0,,both,
2763,5254,,0,,both,
2764,5255,,0,,both,
2765,5256,,0,,both,
2766,5260,,0,,right,
2767,5261,,0,,right,
2768,5262,,0,,right,
2769,5263,,0,,both,
2770,5264,,0,,both,
2771,5267,,0,,no,
2772,5268,,0,,left,
2773,5277,,0,,,yes
2774,5278,,0,,,yes
2775,5281,,0,,both,
2776,5282,,0,,both,
2777,5284,,0,,both,
2778,5285,,0,,both,
2779,5286,,0,,both,
2780,5287,,0,,both,
2781,5288,,0,,both,
2782,5289,,0,,both,
2783,5290,,0,,both,
2784,5291,,0,,both,
2785,5292,,0,,both,
2786,5293,,0,,both,
2787,5300,,0,,both,
2788,5301,,0,,both,
2789,5302,,0,,both,
2790,5303,,0,,both,yes
2791,5304,,0,,both,yes
2792,5305,one,0,,,yes
2793,5307,,0,,,yes
2794,5313,,0,,both,
2795,5314,,0,,both,
2796,5315,,0,,both,
2797,5316,,0,,both,
2798,5317,,0,,both,
2799,5322,,0,,no,
2800,5323,,0,,right,
2801,5324,,0,,right,
2802,5325,,0,,both,
2803,5326,,0,,both,
2804,5328,,0,,both,
2805,5330,,0,,left,
2806,5333,,0,,both,
2807,5334,,0,,both,yes
2808,5335,,0,,both,yes
2809,5336,,0,,both,yes
2810,5337,,0,,both,yes
2811,5338,,0,,both,yes
2812,5339,,0,,both,yes
2813,5340,,0,,,yes
2814,5341,,0,,,yes
2815,5342,,0,,,yes
2816,5343,,0,,,yes
2817,5344,,0,,,yes
2818,5357,,0,,both,
2819,5358,,0,,both,
2820,5359,,0,,both,
2821,5360,,0,,both,
2822,5361,,0,,both,
2823,5362,,0,,both,
2824,5363,,0,,both,
2825,5364,,0,,both,
2826,5365,,0,,both,
2827,5366,,0,,both,
2828,5367,,0,,both,
2829,5368,,0,,both,
2830,5369,,0,,both,
2831,5370,,0,,both,
2832,5373,,0,,both,
2833,5383,,0,,no,
2834,5384,,0,,right,
2835,5385,,0,,no,
2836,5386,,0,,no,
2837,5387,,0,,right,
2838,5388,,0,,both,
2839,5389,,0,,no,
2840,5390,,0,,no,
2841,5392,,0,,both,
2842,5393,,0,,both,
2843,5394,,0,,both,
2844,5395,,0,,both,
2845,5396,,0,,both,
2846,5397,,0,,both,
2847,5398,,0,,both,
2848,5399,,0,,,yes
2849,5400,,0,,,yes
2850,5401,one,0,,,yes
2851,5404,,0,,,yes
2852,5405,,0,,,yes
2853,5407,,0,both,,
2854,5417,,0,,both,
2855,5418,,0,,both,
2856,5419,,0,,both,
2857,5420,,0,,both,
2858,5421,,0,,both,
2859,5422,,0,,both,
2860,5423,,0,,both,
2861,5424,,0,,both,
2862,5425,,0,,both,
2863,5426,,0,,both,
2864,5427,,0,,both,
2865,5428,,0,,both,
2866,5429,,0,,both,
2867,5430,,0,,both,
2868,5431,,0,,both,
2869,5432,,0,,both,
2870,5433,,0,,both,
2871,5434,,0,,,no
2872,5447,,0,,both,
2873,5448,,0,,both,
2874,5449,,0,,left,
2875,5450,,0,,both,
2876,5451,,0,,both,yes
2877,5477,,0,,both,
2878,5478,,0,,both,
2879,5479,,0,,both,
2880,5480,,0,,both,
2881,5481,,0,,both,
2882,5482,,0,,both,
2883,5484,,0,,both,
2884,5485,,0,,both,
2885,5486,,0,,both,
2886,5487,,0,,both,
2887,5488,,0,,both,
2888,5489,,0,,both,
2889,5490,,0,,both,
2890,5491,,0,,both,
2891,5492,,0,,both,
2892,5501,,0,both,,yes
2893,5504,,0,,both,
2894,5505,,0,,both,
2895,5506,,0,,both,
2896,5507,,0,,no,
2897,5514,,0,,both,
2898,5515,,0,,both,
2899,5516,,0,,both,
2900,5517,,0,,both,
2901,5518,,0,,both,
2902,5519,,0,,both,
2903,5520,,0,,both,
2904,5521,,0,,both,
2905,5522,,0,,both,
2906,5523,,0,,both,
2907,5524,,0,,both,
2908,5533,,0,,both,
2909,5534,,0,,both,
2910,5535,,0,,both,
2911,5536,,0,,both,
2912,5537,,0,,right,
2913,5538,,0,,both,
2914,5539,,0,,both,
2915,5540,,0,,both,yes
2916,5541,,0,,both,
2917,5542,,0,,both,
2918,5543,,0,,both,
2919,5544,,0,,both,
2920,5545,,0,,both,
2921,5546,,0,,both,
2922,5556,,0,,both,
2923,5557,,0,,both,
2924,5558,,0,,both,
2925,5559,,0,,both,
2926,5560,,0,,no,
2927,5561,,0,,no,
2928,5572,,0,,left,
2929,5573,,0,,left,
2930,5574,,0,,left,
2931,5575,,0,,left,
2932,5576,,0,,left,
2933,5577,,0,,left,
2934,5578,,0,,left,
2935,5579,,0,,both,
2936,5580,,0,,right,yes
2937,5581,,0,,both,yes
2938,5582,,0,,both,yes
2939,5583,,0,,both,yes
2940,5584,,0,,both,yes
2941,5586,,0,,no,yes
2942,5587,,0,,no,yes
2943,5588,,0,,no,yes
2944,5589,,0,,both,yes
2945,5590,,0,,both,yes
2946,5592,,0,,no,
2947,5593,,0,,no,
2948,5594,,0,,no,
2949,5596,,0,,no,
2950,5597,,0,,no,
2951,5598,,0,,both,
2952,5599,,0,,both,
2953,5600,,0,,both,
2954,5601,,0,,both,
2955,5607,,0,,no,
2956,5608,,0,,no,
2957,5609,,0,,,yes
2958,5610,,0,,,yes
2959,5616,both,0,,,
2960,5617,both,0,,,
2961,5618,both,0,,,
2962,5624,,0,,both,
2963,5633,,0,,both,
2964,5641,,0,,both,
2965,5642,,0,,both,
2966,5643,,0,,both,
2967,5648,,0,,both,
2968,5649,,0,,both,
2969,5650,,0,,both,
2970,5651,,0,,both,
2971,5652,,0,,both,
2972,5653,,0,,both,
2973,5654,,0,,both,
2974,5655,,0,,both,
2975,5656,,0,,both,
2976,5657,,0,,both,
2977,5659,,0,,,yes
2978,5660,,0,,,yes
2979,5661,both,0,,,
2980,5662,both,0,both,,
2981,5663,both,0,both,,
2982,5664,both,0,both,,
2983,5665,both,0,,,
2984,5666,both,0,,,
2985,5667,both,0,,,
2986,5668,both,0,,,
2987,5669,both,0,,,yes
2988,5670,both,0,,,yes
2989,5671,both,0,,,
2990,5672,both,0,,,
2991,5673,both,0,,,yes
2992,5674,both,0,,,yes
2993,5681,,0,both,no,
2994,5682,,0,,no,
2995,5683,,0,,no,no
2996,5684,,0,both,no,
2997,5685,,0,,no,
2998,5686,,0,,no,
2999,5687,,0,,no,
3000,5688,,0,both,no,
3001,5689,,0,,no,
3002,5690,,0,,no,
3003,5694,,0,,both,
3004,5695,,0,,both,
3005,5696,,0,,both,
3006,5697,,0,,both,
3007,5701,,0,,both,
3008,5702,,0,,both,
3009,5703,,0,,both,
3010,5705,,0,,both,
3011,5706,,0,,both,yes
3012,5707,,0,,both,yes
3013,5708,,0,,both,yes
3014,5709,,0,,both,yes
3015,5710,,0,,,yes
3016,5711,,0,,both,
3017,5719,,0,,both,
3018,5738,,0,,no,
3019,5739,,0,,no,
3020,5746,,0,,both,
3021,5747,,0,,both,
3022,5748,,0,,,yes
3023,5751,,0,one,,yes
3024,5753,,0,right,both,
3025,5754,,0,right,both,
3026,5755,,0,right,both,
3027,5756,,0,right,both,
3028,5757,,0,right,both,
3029,5758,,0,right,both,
3030,5759,,0,right,both,
3031,5760,,0,right,both,
3032,5761,,0,right,both,
3033,5762,,0,,both,
3034,5766,,0,,both,
3035,5768,,0,,left,
3036,5770,,0,,both,
3037,5771,,0,,both,
3038,5772,,0,,both,
3039,5773,,0,,both,
3040,5774,,0,,both,
3041,5775,,0,,both,
3042,5776,,0,,both,
3043,5777,,0,,both,
3044,5778,,0,,both,
3045,5779,,0,,both,
3046,5780,,0,,both,
3047,5781,,0,,both,
3048,5782,,0,,both,
3049,5793,,0,,both,yes
3050,5794,,0,,both,
3051,5795,,0,,both,
3052,5796,,0,,both,
3053,5797,,0,,both,
3054,5798,,0,,both,
3055,5799,,0,,both,yes
3056,5800,,0,,both,
3057,5801,,0,,both,
3058,5806,,0,,both,
3059,5807,,0,,both,
3060,5808,,0,,both,
3061,5809,,0,,both,
3062,5810,,0,,both,
3063,5811,,0,,both,
3064,5812,,0,,both,
3065,5813,,0,,both,
3066,5814,,0,,both,
3067,5815,,0,,both,
3068,5816,,0,,both,
3069,5819,,0,,both,yes
3070,5820,,0,,both,yes
3071,5821,,0,,both,yes
3072,5822,,0,,both,yes
3073,5823,,0,,both,yes
3074,5825,,0,,,yes
3075,5832,,0,,both,
3076,5833,,0,,both,
3077,5834,,0,,both,
3078,5836,,0,,both,
3079,5847,,0,,left,
3080,5848,,0,,both,yes
3081,5849,,0,,both,
3082,5850,,0,,both,
3083,5852,,0,,both,
3084,5853,,0,,both,
3085,5854,,0,,both,
3086,5855,,0,,both,
3087,5857,,0,,both,
3088,5859,,0,,both,
3089,5860,,0,,both,
3090,5861,,0,,both,
3091,5884,,0,,both,
3092,5899,,0,,both,
3093,5901,,0,,both,
3094,5905,,0,,both,
3095,5909,,0,,both,
3096,5910,,0,,both,
3097,5941,,0,,both,
3098,5942,,0,,both,
3099,5943,,0,,both,
3100,5944,,0,,both,
3101,5945,,0,,,yes
3102,5957,,0,,right,
3103,5958,,0,,right,
3104,5959,,0,,right,
3105,5960,,0,,right,
3106,5961,,0,,both,
3107,5964,,0,,no,
3108,5965,,0,,both,
3109,5968,,0,both,,yes
3110,5977,,0,both,,
3111,5984,,0,,both,
3112,5985,,0,,both,
3113,5986,,0,,both,
3114,5987,,0,,both,
3115,5988,,0,,both,
3116,5989,,0,,both,
3117,5990,,0,,both,
3118,5991,,0,,both,
3119,6007,,0,,,yes
3120,6008,,0,,,yes
3121,6020,,0,,both,
3122,6021,,0,,both,
3123,6022,,0,,both,
3124,6023,,0,,both,
3125,6024,,0,,both,
3126,6030,,0,both,,
3127,6032,,0,,both,
3128,6033,,0,,both,
3129,6034,,0,,both,
3130,6035,,0,,both,
3131,6036,,0,,both,
3132,6037,,0,,both,
3133,6048,,0,,both,
3134,6049,,0,,both,
3135,6051,,0,,both,
3136,6052,,0,,both,
3137,6053,,0,,both,
3138,6054,,0,,both,
3139,6055,,0,,both,
3140,6066,,0,,both,
3141,6067,,0,,both,
3142,6068,,0,,both,
3143,6069,,0,,,yes
3144,6070,,0,,,yes
3145,6072,,0,,,yes
3146,6104,,0,,both,
3147,6105,,0,,both,
3148,6106,,0,,both,
3149,6107,,0,,both,
3150,6114,,0,,both,
3151,6115,,0,,both,
3152,6116,,0,,both,
3153,6125,,0,,both,
3154,6154,,0,,both,yes
3155,6155,,0,,both,yes
3156,6156,,0,,both,
3157,6157,,0,,both,
3158,6158,,0,,both,
3159,6159,one,0,,,
3160,6160,one,0,,,
3161,6161,one,0,,,
3162,6162,one,0,,,
3163,6164,one,0,,,
3164,6168,,0,,both,
3165,6169,,0,,both,
3166,6172,,0,,left,
3167,6189,,0,,right,
3168,6190,,0,,right,
3169,6191,,0,,right,
3170,6192,,0,,right,
3171,6193,,0,,both,
3172,6194,,0,,no,
3173,6195,,0,,both,
3174,6229,one,0,,,
3175,6247,,0,,both,
3176,6248,,0,,both,
3177,6249,,0,,left,
3178,6250,,0,,both,
3179,6251,,0,,both,
3180,6253,,0,,left,
3181,6254,,0,,left,
3182,6255,,0,,left,
3183,6259,,0,,both,
3184,6260,,0,,both,
3185,6261,,0,,both,
3186,6262,,0,,both,
3187,6313,,0,,both,
3188,6314,,0,,both,
3189,6330,,0,one,right,
3190,6331,,0,one,right,
3191,6332,,0,one,right,
3192,6333,,0,one,right,
3193,6334,,0,,right,yes
3194,6335,,0,,,yes
3195,6336,,0,,both,
3196,6338,,0,,both,yes
3197,6339,,0,,both,
3198,6355,,0,,both,
3199,6397,,0,,,yes
3200,6398,,0,,,yes
3201,6426,,0,,,yes
3202,6427,,0,,,yes
3203,6428,,0,,,yes
3204,6503,,0,,both,
3205,6504,,0,,both,
3206,6505,,0,,both,
3207,6508,,0,,both,
3208,6534,,0,,,yes
3209,6559,,0,,both,
3210,6561,,0,,both,
3211,6562,,0,,both,
3212,6564,,0,,,yes
3213,6619,,0,,both,
3214,6620,,0,,both,
3215,6621,,0,,both,
3216,6623,both,0,,,
3217,6624,both,0,,,
3218,6625,both,0,,,
3219,6626,both,0,,,
3220,6627,both,0,,,
3221,6628,both,0,,,
3222,6629,both,0,,,
3223,6630,both,0,,,
3224,6631,both,0,,,
3225,6632,both,0,,,
3226,6641,,0,,both,
3227,6642,,0,,both,
3228,6645,,0,,both,
3229,6646,,0,,both,
3230,6698,,0,,both,
3231,6699,,0,,both,
3232,6704,one,0,,,
3233,6705,one,0,,,
3234,6706,one,0,,,
3235,6707,one,0,,,
3236,6708,one,0,,,
3237,6709,one,0,,,
3238,6710,one,0,,,
3239,6711,one,0,,,
3240,6712,one,0,,,
3241,6713,one,0,,,
3242,6714,one,0,,,
3243,6715,one,0,,,
3244,6716,one,0,,,
3245,6717,both,0,,,
3246,6719,both,0,,,
3247,6771,both,0,,,
3248,6772,both,0,,,
3249,6773,both,0,,,
3250,6774,both,0,,,
3251,6775,both,0,,,
3252,6776,both,0,,,
3253,6803,,0,,both,
3254,6804,,0,,both,
3255,6831,,0,,both,
3256,6832,,0,,both,
3257,6833,,0,,both,
3258,6834,,0,,both,
3259,6852,,0,,no,
3260,6853,,0,,both,
3261,6854,,0,,both,
3262,6855,,0,,both,
3263,6856,,0,,both,
3264,6862,,0,,both,
3265,6863,,0,,both,
3266,6864,,0,,both,
3267,6865,,0,,both,
3268,6866,,0,,both,
3269,6867,,0,,both,
3270,6868,,0,,both,
3271,6869,,0,,both,
3272,6875,one,0,,,
3273,6876,one,0,,,
3274,6877,one,0,,,
3275,6880,one,0,,both,yes
3276,6881,one,0,,both,yes
3277,6882,one,0,,both,yes
3278,6883,one,0,,both,yes
3279,6884,one,0,,both,yes
3280,6885,one,0,,both,yes
3281,6886,one,0,,both,yes
3282,6905,,0,,both,yes
3283,6914,both,0,,,
3284,6915,right,0,,,
3285,6916,right,0,,,
3286,6917,right,0,,,
3287,6918,right,0,,,
3288,6919,right,0,,,
3289,6920,,0,,both,
3290,6921,,0,,both,
3291,6922,,0,,both,
3292,6923,,0,,both,
3293,6924,,0,,both,
3294,6925,,0,,both,
3295,6926,,0,,both,
3296,6927,,0,,both,
3297,6928,,0,,both,
3298,6929,,0,,both,
3299,6930,,0,,both,
3300,6931,,0,,both,
3301,6932,,0,,both,
3302,6933,,0,,both,
3303,6934,,0,,both,
3304,6935,,0,,both,
3305,6936,,0,,both,yes
3306,6937,one,0,,both,yes
3307,6938,one,0,,both,yes
3308,6939,both,0,,both,yes
3309,6940,both,0,,both,yes
3310,6941,both,0,,both,yes
3311,6942,both,0,,both,yes
3312,6943,both,0,,both,yes
3313,6944,both,0,,both,yes
3314,6945,both,0,,both,
3315,6946,one,0,,both,
3316,6947,one,0,,both,
3317,6957,,0,,both,
3318,6966,one,0,,,
3319,6967,one,0,,,
3320,6968,one,0,,,
3321,6969,one,0,,,
3322,6970,one,0,,,
3323,6971,right,0,,,
3324,6972,right,0,,,
3325,6973,right,0,,,
3326,6974,right,0,,,
3327,6975,right,0,,,
3328,6976,right,0,,,
3329,6977,right,0,,,
3330,6981,,0,,both,
3331,6982,,0,,both,
3332,6983,,0,,both,
3333,6984,,0,,both,
3334,6985,,0,,both,
3335,6986,,0,,both,
3336,6987,,0,,,yes
3337,7010,,0,,both,
3338,7011,,0,,both,
3339,7013,,0,,both,
3340,7014,one,0,,,
3341,7015,one,0,,,
3342,7016,one,0,,,
3343,7017,one,0,,,
3344,7018,one,0,,,
3345,7019,one,0,,,
3346,7020,one,0,,,
3347,7021,both,0,,,
3348,7023,,0,,both,
3349,7024,,0,,both,
3350,7025,,0,,both,
3351,7026,,0,,both,
3352,7027,,0,,both,
3353,7031,,0,,both,
3354,7032,,0,,both,
3355,7033,,0,,left,
3356,7035,,0,,both,
3357,7036,,0,,right,
3358,7037,,0,,both,
3359,7038,,0,,both,
3360,7039,,0,,right,
3361,7048,,0,,both,
3362,7049,,0,,both,
3363,7050,,0,,both,
3364,7051,,0,,both,
3365,7052,,0,,both,
3366,7061,,0,,,yes
3367,7062,,0,,both,
3368,7063,,0,,both,
3369,7064,,0,,both,
3370,7065,,0,,both,
3371,7066,,0,,both,
3372,7067,,0,,both,
3373,7068,,0,,both,
3374,7069,,0,,both,
3375,7070,,0,,both,
3376,7071,,0,,both,
3377,7072,,0,,both,
3378,7073,,0,,both,
3379,7100,,0,both,,
3380,7101,,0,both,,
3381,7102,,0,both,,
3382,7103,,0,both,,no
3383,7105,,0,,,yes
3384,7110,,0,,no,
3385,7113,,0,,right,
3386,7117,,0,,no,
3387,7118,,0,,no,
3388,7119,,0,,no,
3389,7120,,0,,no,
3390,7127,,0,,,yes
3391,7140,,0,,both,
3392,7141,,0,,both,
3393,7159,,0,,no,
3394,7160,,0,,no,
3395,7179,,0,,no,
3396,7180,,0,,both,
3397,7181,,0,,both,
3398,7186,,0,,right,
3399,7187,,0,,both,
3400,7188,,0,,both,
3401,7189,,0,,both,
3402,7190,,0,,both,
3403,7191,,0,,both,
3404,7192,,0,,both,
3405,7193,,0,,both,
3406,7194,,0,,both,
3407,7195,,0,,both,
3408,7196,,0,,both,
3409,7197,,0,,both,
3410,7198,,0,,both,
3411,7199,,0,,both,
3412,7200,,0,,both,
3413,7201,,0,,both,
3414,7202,,0,,both,
3415,7203,,0,,,yes
3416,7204,,0,,,yes
3417,7205,,0,,,yes
3418,7206,,0,,,yes
3419,7207,,0,,,yes
3420,7218,,0,,both,
3421,7219,,0,,both,
3422,7220,,0,,both,
3423,7221,,0,,both,
3424,7222,,0,,both,
3425,7232,,0,,both,
3426,7234,,0,,,yes
3427,7235,,0,,,yes
3428,7236,,0,,no,
3429,7237,,0,,both,
3430,7238,,0,,no,
3431,7239,,0,,no,
3432,7240,,0,,both,
3433,7250,,0,,,yes
3434,7251,,0,,,yes
3435,7255,,0,,,yes
3436,7270,,0,,both,
3437,7271,,0,,both,
3438,7276,one,0,,,
3439,7280,one,0,,,
3440,7281,one,0,,,
3441,7282,one,0,,,
3442,7283,one,0,,,
3443,7284,one,0,,,
3444,7285,one,0,,,
3445,7291,,0,,no,
3446,7308,,0,,,yes
3447,7309,,0,,,yes
3448,7318,,0,both,,
3449,7319,,0,both,,
3450,7320,,0,both,,
3451,7321,,0,both,,
3452,7322,,0,both,,
3453,7325,,0,,both,
3454,7326,,0,,both,
3455,7327,,0,,both,
3456,7328,,0,,both,
3457,7329,,0,,both,
3458,7330,,0,,both,
3459,7331,,0,,both,
3460,7339,one,0,,both,
3461,7340,one,0,,both,
3462,7341,one,0,,both,yes
3463,7342,one,0,,both,
3464,7343,one,0,,both,
3465,7344,one,0,,both,
3466,7345,one,0,,both,
3467,7346,one,0,,both,
3468,7351,,0,,both,
3469,7352,,0,,both,
3470,7353,,0,,both,
3471,7354,,0,,both,
3472,7355,,0,,both,yes
3473,7364,,0,,both,
3474,7365,,0,,both,
3475,7366,,0,,both,
3476,7367,,0,,both,
3477,7368,,0,,both,
3478,7369,,0,,both,
3479,7370,,0,,both,
3480,7371,,0,,both,
3481,7372,,0,,both,
3482,7373,,0,,both,
3483,7374,,0,,both,
3484,7377,,0,,both,
3485,7378,,0,,both,
3486,7379,,0,,both,
3487,7380,,0,,both,
3488,7409,,0,,both,yes
3489,7410,,0,,both,
3490,7411,,0,,both,
3491,7412,,0,,both,
3492,7413,,0,,both,
3493,7414,,0,,both,
3494,7415,,0,,both,
3495,7416,,0,,both,
3496,7417,,0,,both,
3497,7418,,0,,both,
3498,7419,,0,,both,
3499,7420,,0,,both,
3500,7421,,0,,both,
3501,7422,,0,,both,
3502,7424,,0,,no,
3503,7426,,0,,both,
3504,7427,,0,,both,
3505,7428,,0,,right,
3506,7429,,0,,right,
3507,7430,,0,,right,
3508,7431,,0,,right,
3509,7432,,0,,right,
3510,7434,,0,,right,
3511,7435,,0,,right,
3512,7436,,0,,right,
3513,7437,,0,,no,
3514,7438,,0,,no,
3515,7439,,0,,no,
3516,7440,,0,,no,
3517,7441,,0,,no,
3518,7442,,0,,no,
3519,7443,,0,,no,
3520,7445,,0,,both,
3521,7447,,0,,both,
3522,7448,,0,,both,
3523,7449,,0,,both,
3524,7450,,0,,both,
3525,7451,,0,,both,
3526,7452,,0,,both,
3527,7453,,0,,both,
3528,7454,,0,,both,
3529,7455,,0,,both,yes
3530,7456,,0,,right,yes
3531,7457,,0,,right,yes
3532,7458,,0,,right,yes
3533,7459,,0,,right,yes
3534,7475,,0,,,yes
3535,7497,,0,,no,
3536,7498,,0,,no,
3537,7501,,0,,,yes
3538,7502,,0,,,yes
3539,7503,,0,,,yes
3540,7513,,0,,right,yes
3541,7514,,0,,both,
3542,7515,,0,,both,
3543,7516,,0,,both,
3544,7517,,0,,both,
3545,7518,,0,,both,
3546,7519,,0,,both,
3547,7520,,0,,both,
3548,7521,,0,,both,
3549,7522,,0,,both,
3550,7523,,0,,both,
3551,7524,,0,,both,
3552,7525,,0,,both,
3553,7526,,0,,both,
3554,7527,,0,,both,
3555,7538,,0,,,yes
3556,7539,,0,,,yes
3557,7562,,0,,,yes
3558,7624,,0,,no,
3559,7625,,0,both,,yes
3560,7626,,0,,,yes
3561,7627,,0,,,yes
3562,7628,both,0,both,,yes
3563,7636,,0,,both,
3564,7637,,0,,both,
3565,7638,,0,,both,
3566,7639,,0,,both,
3567,7640,,0,,both,
3568,7641,,0,,both,
3569,7642,,0,,both,
3570,7650,,0,,both,
3571,7651,,0,,both,
3572,7652,,0,,both,
3573,7653,,0,,both,
3574,7654,,0,,both,
3575,7655,,0,,both,
3576,7656,,0,,both,
3577,7657,,0,,both,
3578,7658,,0,,both,
3579,7659,,0,,both,
3580,7660,,0,,both,
3581,7661,,0,,both,
3582,7662,,0,,both,
3583,7663,,0,,both,
3584,7680,,0,,both,
3585,7681,both,1,,both,
3586,7682,both,0,both,,yes
3587,7683,one,0,both,,yes
3588,7694,,0,,no,
3589,7695,,0,,no,
3590,7696,,0,,no,
3591,7705,,0,,both,
3592,7706,,0,,both,
3593,7707,,0,,both,
3594,7708,,0,,both,
3595,7709,,0,,both,
3596,7710,,0,,both,
3597,7714,,0,,both,
3598,7725,one,0,,,
3599,7726,one,0,,,
3600,7727,one,0,,,
3601,7730,both,1,,both,
3602,7731,both,1,,both,
3603,7732,both,1,,both,
3604,7733,both,1,,both,
3605,7734,both,1,,both,
3606,7735,both,1,,both,
3607,7736,both,1,,both,
3608,7737,both,1,,both,
3609,7738,both,1,,both,
3610,7739,both,1,,both,
3611,7740,both,1,,both,
3612,7741,both,1,,,
3613,7742,both,1,,,
3614,7743,both,1,,,
3615,7744,both,1,,,
3616,7748,,0,,both,
3617,7749,,0,,both,
3618,7750,,0,,both,
3619,7751,,0,,both,
3620,7752,,0,,both,
3621,7753,,0,,both,
3622,7754,,0,,both,yes
3623,7756,,0,,,yes
3624,7757,,0,,,yes
3625,7758,,0,,,yes
3626,7769,,0,,both,
3627,7770,,0,,both,
3628,7772,,0,,both,
3629,7773,,0,,both,
3630,7774,,0,,both,
3631,7775,,0,,both,
3632,7776,,0,,both,
3633,7777,,0,,both,
3634,7778,,0,,both,
3635,7779,,0,,both,
3636,7780,,0,,both,
3637,7781,,0,,both,
3638,7782,,0,,both,
3639,7783,one,0,one,both,yes
3640,7784,one,0,one,both,yes
3641,7785,one,0,one,both,yes
3642,7786,one,0,one,both,yes
3643,7787,one,0,one,both,yes
3644,7788,one,0,one,both,yes
3645,7789,one,0,one,both,yes
3646,7790,one,0,one,both,
3647,7791,one,0,one,both,
3648,7792,one,0,one,both,
3649,7797,,0,,both,
3650,7798,,0,,both,
3651,7799,both,0,,both,
3652,7800,both,0,,both,
3653,7821,,0,,both,
3654,7822,,0,,both,
3655,7823,,0,,both,
3656,7828,one,0,,both,
3657,7829,one,0,,both,
3658,7830,one,0,,both,
3659,7831,one,0,,both,
3660,7832,one,0,,both,
3661,7833,one,0,,both,yes
3662,7834,one,0,,both,
3663,7835,one,0,both,both,yes
3664,7836,,0,,both,
3665,7837,,0,,both,
3666,7838,,0,,both,
3667,7839,,0,,both,
3668,7840,,0,,both,
3669,7841,,0,,both,
3670,7842,,0,,both,
3671,7843,,0,,both,
3672,7844,,0,,both,
3673,7845,,0,,both,
3674,7846,,0,,both,
3675,7847,,0,,both,
3676,7848,,0,,both,
3677,7849,,0,,both,
3678,7850,,0,,both,
3679,7851,,0,,both,
3680,7852,,0,,both,
3681,7853,both,0,,both,
3682,7854,both,0,,both,
3683,7855,both,0,,both,
3684,7856,both,0,,,
3685,7857,both,0,,,
3686,7858,both,0,,,
3687,7859,both,0,,,
3688,7860,both,0,,,
3689,7861,both,0,,,
3690,7862,both,0,,,
3691,7863,both,0,,,
3692,7905,,0,,both,
3693,7906,,0,,both,
3694,7907,,0,,both,
3695,7908,,0,,both,
3696,7909,,0,,both,yes
3697,7910,,0,,both,
3698,7911,,0,,both,
3699,7912,,0,,both,
3700,7913,,0,,both,
3701,7914,,0,,both,
3702,7915,,0,,both,
3703,7916,,0,,both,
3704,7917,,0,,both,
3705,7918,,0,,both,
3706,7919,,0,,both,
3707,7920,,0,,both,
3708,7925,,0,,both,
3709,7926,,0,,both,
3710,7927,,0,,both,
3711,7928,,0,,both,
3712,7929,,0,,both,
3713,7930,,0,,both,
3714,7931,,0,,both,
3715,7932,,0,,both,
3716,7933,,0,,both,
3717,7934,,0,,both,
3718,7935,,0,,both,
3719,7936,,0,,both,
3720,7937,,0,,both,
3721,7938,,0,,no,
3722,7944,,0,,both,
3723,7945,,0,,both,
3724,7946,,0,,both,
3725,7947,,0,,right,
3726,7948,,0,,right,
3727,7949,,0,,right,
3728,7950,,0,,right,
3729,7951,,0,,right,
3730,7952,,0,,both,
3731,7953,one,0,,both,yes
3732,7954,one,0,,both,
3733,7955,,0,,both,
3734,7956,,0,,both,
3735,7957,,0,,both,
3736,7970,,0,,both,
3737,7971,,0,,both,
3738,7977,,0,,both,
3739,7978,,0,,both,
3740,7979,,0,,both,
3741,7980,,0,,both,
3742,7981,,0,,both,
3743,8019,,0,,both,
3744,8022,,0,,,yes
3745,8047,,0,,both,
3746,8048,,0,,both,yes
3747,8049,,0,,both,
3748,8069,,0,,both,
3749,8070,,0,,both,
3750,8071,,0,,both,
3751,8072,,0,,both,
3752,8073,,0,,no,
3753,8098,,0,,,yes
3754,8104,,0,,both,
3755,8105,,0,,both,
3756,8106,,0,,both,
3757,8107,both,0,,both,
3758,8108,one,0,,both,
3759,8109,both,0,,both,
3760,8115,,0,,both,
3761,8116,,0,,both,
3762,8117,,0,,both,
3763,8120,,0,,both,
3764,8121,,0,,both,
3765,8122,,0,,both,
3766,8165,,0,,both,
3767,8166,,0,,both,
3768,8167,,0,,both,
3769,8182,,0,,both,
3770,8183,,0,,both,
3771,8184,,0,,both,
3772,8185,,0,,both,
3773,8186,,0,,both,
3774,8187,,0,,no,
3775,8233,,0,,both,
3776,8234,,0,,both,
3777,8235,,0,,both,
3778,8236,,0,,both,
3779,8237,,0,,both,
3780,8240,,0,,right,
3781,8241,,0,,right,
3782,8242,,0,,right,
3783,8262,,0,,both,
3784,8263,,0,,both,
3785,8264,,0,,both,
3786,8265,,0,,right,
3787,8266,,0,,both,
3788,8267,,0,,both,
3789,8289,both,0,,,
3790,8290,both,0,,,
3791,8291,both,0,,,
3792,8292,,0,,right,
3793,8293,,0,,right,
3794,8294,,0,,both,
3795,8295,,0,,right,
3796,8316,,0,,both,
3797,8317,,0,,both,
3798,8318,,0,,both,
3799,8319,,0,,both,
3800,8320,,0,,both,
3801,8321,,0,,both,
3802,8322,,0,,both,
3803,8323,,0,,both,
3804,8324,,0,,both,
3805,8325,,0,,both,
3806,8326,,0,,both,
3807,8327,,0,,both,
3808,8345,both,0,,,
3809,8346,both,0,,,
3810,8350,,0,,,yes
3811,8351,one,0,,,yes
3812,8377,,0,,both,
3813,8378,,0,,both,
3814,8379,,0,,both,
3815,8380,,0,,both,
3816,8381,,0,,both,
3817,8382,,0,,both,
3818,8383,,0,,both,
3819,8384,,0,,both,
3820,8385,,0,,both,
3821,8386,,0,,both,
3822,8387,,0,,both,
3823,8388,,0,,both,
3824,8389,,0,,both,
3825,8390,,0,,both,
3826,8391,,0,,both,
3827,8454,,0,,no,
3828,8455,,0,,no,
3829,8456,,0,,no,
3830,8457,,0,,no,
3831,8458,,0,,,yes
3832,8459,,0,,both,
3833,8460,,0,,both,
3834,8461,,0,,both,
3835,8462,,0,,both,
3836,8463,,0,,both,
3837,8464,,0,,both,
3838,8465,both,0,,both,
3839,8466,both,0,,both,
3840,8476,one,0,both,,
3841,8479,both,0,,,
3842,8480,both,0,,,
3843,8485,,0,,both,
3844,8486,,0,,both,
3845,8487,,0,,both,
3846,8505,,0,,both,
3847,8506,,0,,both,
3848,8507,,0,,both,
3849,8508,,0,,both,
3850,8509,,0,,both,
3851,8510,,0,,both,
3852,8511,,0,,both,
3853,8512,both,0,,both,
3854,8513,both,0,both,both,
3855,8514,both,0,both,both,yes
3856,8526,both,0,,,
3857,8527,both,0,,,
3858,8528,,0,,both,
3859,8531,,0,,both,
3860,8532,,0,,both,
3861,8533,,0,,both,
3862,8534,,0,,both,
3863,8535,,0,,both,
3864,8536,,0,,both,
3865,8537,,0,,both,
3866,8547,,0,,both,
3867,8548,,0,,both,
3868,8558,,0,,both,
3869,8559,,0,,both,
3870,8560,,0,,both,
3871,8561,,0,,both,
3872,8562,,0,,both,
3873,8566,,0,,both,
3874,8567,,0,,both,
3875,8568,,0,,both,
3876,8569,,0,,both,
3877,8570,,0,,both,
3878,8571,,0,,both,
3879,8572,,0,,both,
3880,8574,both,0,,both,yes
3881,8575,,0,,both,
3882,8576,,0,,both,
3883,8577,,0,,both,yes
3884,8578,,0,,both,yes
3885,8579,,0,,both,
3886,8580,,0,,both,
3887,8581,,0,,no,
3888,8582,,0,,no,
3889,8583,,0,,no,
3890,8584,,0,,no,
3891,8585,,0,,both,
3892,8586,,0,,both,
3893,8587,,0,,both,
3894,8592,,0,,both,
3895,8596,,0,both,,
3896,8597,,0,both,,
3897,8598,,0,both,,
3898,8599,,0,both,,
3899,8617,,0,,both,
3900,8636,,0,,right,
3901,8638,,0,,both,
3902,8639,,0,,both,
3903,8640,,0,,both,yes
3904,8641,,0,,both,yes
3905,8642,,0,,both,
3906,8643,,0,,both,
3907,8644,,0,,both,
3908,8648,,0,,both,
3909,8649,,0,,both,
3910,8651,,0,,both,
3911,8652,,0,,both,
3912,8653,,0,,both,
3913,8654,,0,,both,
3914,8655,,0,,both,
3915,8662,,0,,both,
3916,8663,,0,,both,
3917,8676,,0,,both,
3918,8677,,0,,both,
3919,8678,,0,,both,
3920,8691,,0,both,,
3921,8694,,0,,both,
3922,8695,,0,,both,
3923,8696,,0,,both,
3924,8697,,0,,both,
3925,8698,,0,,both,
3926,8699,,0,,both,yes
3927,8702,one,0,,both,
3928,8703,one,0,,both,
3929,8704,,0,,both,
3930,8706,one,0,,both,
3931,8707,one,0,,both,
3932,8708,one,0,,both,
3933,8709,one,0,,both,yes
3934,8710,one,0,,both,
3935,8726,,0,,both,
3936,8727,,0,,both,
3937,8752,,0,,both,
3938,8753,,0,,both,
3939,8754,,0,,both,
3940,8761,one,0,,both,
3941,8762,one,0,,both,
3942,8763,right,0,,right,
3943,8764,right,0,,right,
3944,8765,right,0,,right,
3945,8766,right,0,,right,
3946,8767,,0,,both,
3947,8781,,0,,both,
3948,8782,,0,,both,
3949,8783,,0,,both,
3950,8784,,0,,both,
3951,8785,,0,,both,
3952,8786,,0,,both,
3953,8797,,0,,both,
3954,8800,,0,,left,
3955,8801,,0,,left,
3956,8802,,0,,left,
3957,8814,,0,,,yes
3958,8815,,0,,both,
3959,8816,,0,,both,
3960,8817,,0,,both,
3961,8818,,0,,both,
3962,8819,,0,,both,
3963,8820,,0,,both,
3964,8821,,0,,left,
3965,8841,,0,,both,
3966,8842,,0,,both,
3967,8843,,0,,both,
3968,8844,,0,,both,
3969,8846,,0,,both,
3970,8847,,0,,both,
3971,8896,,0,,right,
3972,8897,,0,,right,
3973,8898,,0,,right,
3974,8907,one,0,,both,
3975,8908,one,0,,both,
3976,8909,one,0,,both,
3977,8910,one,0,,both,
3978,8911,one,0,,both,
3979,8912,one,0,,both,
3980,8913,one,0,,both,
3981,8915,,0,,both,
3982,8918,,0,,both,
3983,8919,,0,,right,
3984,8922,,0,,both,
3985,8927,,0,,both,
3986,8928,,0,,both,
3987,8945,,0,,right,
3988,8952,,0,,both,yes
3989,8953,,0,,both,
3990,8954,,0,,both,
3991,8956,both,0,,,
3992,8957,both,0,,,
3993,8958,both,0,,,
3994,8959,both,0,,,
3995,8960,both,0,,,
3996,8961,both,0,,,
3997,8962,both,0,,,
3998,8984,both,1,,both,
3999,8985,both,1,,both,
4000,8986,both,1,,both,
4001,8987,both,1,,both,
4002,8988,both,1,,both,
4003,8989,both,1,,both,
4004,8990,both,1,,both,
4005,8991,both,1,,both,
4006,8992,both,1,,both,
4007,8993,both,1,,both,
4008,8994,both,1,,both,
4009,8995,both,1,,both,
4010,8996,both,1,,both,
4011,8998,,0,,both,
4012,8999,,0,,both,
4013,9000,,0,,right,
4014,9018,,0,,both,
4015,9019,,0,,both,
4016,9020,,0,,both,
4017,9051,,0,,,yes
4018,9052,,0,,,yes
4019,9055,,0,,,yes
4020,9060,,0,,,yes
4021,9061,,0,,,yes
4022,9070,,0,both,,
4023,9083,,0,,both,
4024,9084,,0,,both,
4025,9135,both,0,,both,
4026,9136,both,0,,both,
4027,9137,both,0,,both,
4028,9145,,0,,,yes
4029,9161,,0,,both,
4030,9162,,0,,both,
4031,9163,,0,,both,
4032,9164,,0,,both,
4033,9165,,0,,both,
4034,9166,,0,,both,
4035,9167,,0,,both,
4036,9168,,0,,both,
4037,9169,,0,,both,
4038,9170,,0,,both,
4039,9186,both,0,,both,
4040,9187,both,0,,both,
4041,9192,,0,,both,
4042,9193,,0,,both,
4043,9194,,0,,both,
4044,9195,,0,,both,
4045,9196,,0,,both,
4046,9197,,0,,both,
4047,9198,,0,,both,
4048,9199,,0,,both,
4049,9207,,0,,,yes
4050,9208,,0,,,yes
4051,9209,,0,,,yes
4052,9210,,0,,,yes
4053,9211,,0,,,yes
4054,9212,,0,,,yes
4055,9214,,0,,,yes
4056,9215,,0,,,yes
4057,9218,,0,,both,
4058,9219,,0,,both,
4059,9220,,0,,both,
4060,9221,,0,,both,
4061,9222,,0,,both,
4062,9223,,0,,both,
4063,9224,,0,,both,
4064,9225,,0,,both,
4065,9226,,0,,both,
4066,9227,,0,,both,
4067,9228,,0,,both,
4068,9229,,0,,both,
4069,9230,both,0,,both,yes
4070,9231,both,0,,both,yes
4071,9232,both,0,,both,yes
4072,9233,both,0,,both,yes
4073,9236,,0,,both,
4074,9248,,0,both,,
4075,9252,,0,,left,
4076,9253,,0,,left,
4077,9254,,0,,left,
4078,9255,,0,,left,
4079,9256,,0,,left,
4080,9257,,0,,left,
4081,9266,both,0,,,
4082,9267,both,0,,,
4083,9269,both,0,,,
4084,9270,both,0,,,
4085,9291,,0,,both,
4086,9292,,0,,both,
4087,9293,,0,,both,
4088,9294,,0,,both,
4089,9311,,0,,,no
4090,9312,,0,,right,
4091,9314,,0,,right,
4092,9315,,0,,left,
4093,9316,,0,,left,
4094,9317,,0,,left,
4095,9318,,0,,both,
4096,9319,,0,,left,
4097,9320,,0,,left,
4098,9321,,0,,left,
4099,9353,,0,,,yes
4100,9356,,0,,,yes
4101,9357,,0,,,yes
4102,9366,,0,,left,
4103,9367,,0,,,no
4104,9368,,0,,left,
4105,9369,,0,,left,
4106,9371,,0,,both,
4107,9372,,0,,both,
4108,9373,,0,,both,
4109,9383,one,0,,,
4110,9384,one,0,,,
4111,9385,one,0,,,
4112,9386,one,0,,,
4113,9387,one,0,,,
4114,9401,,0,both,,
4115,9413,,0,,,yes
4116,9442,,0,,both,
4117,9443,,0,,both,
4118,9444,,0,,both,
4119,9445,,0,,both,
4120,9446,,0,,both,
4121,9447,,0,,both,
4122,9448,,0,,both,
4123,9449,,0,,both,
4124,9450,,0,,both,
4125,9451,,0,,both,
4126,9464,,0,,both,yes
4127,9465,,0,,both,
4128,9482,,0,,,yes
4129,9499,,0,,both,
4130,9500,,0,,both,
4131,9502,,0,,both,
4132,9503,,0,,both,
4133,9504,,0,,both,
4134,9505,,0,,both,
4135,9508,,0,,both,
4136,9509,,0,,both,
4137,9510,,0,,both,
4138,9511,,0,,both,
4139,9551,,0,,both,
4140,9552,,0,,left,
4141,9553,,0,,left,
4142,9554,,0,,left,
4143,9555,,0,,left,yes
4144,9570,,0,,no,
4145,9571,,0,,no,
4146,9572,,0,,both,
4147,9573,,0,,left,
4148,9576,,0,,both,
4149,9577,,0,,both,
4150,9578,,0,,both,
4151,9579,,0,,both,
4152,9596,,0,both,,yes
4153,9635,,0,,both,
4154,9636,,0,,both,
4155,9637,,0,,both,
4156,9638,,0,,both,
4157,9639,,0,,both,
4158,9647,,0,,both,
4159,9678,,0,,both,
4160,9679,,0,,both,
4161,9700,,0,,both,
4162,9701,,0,,both,
4163,9702,,0,,both,
4164,9712,,0,,no,
4165,9713,,0,,both,
4166,9714,,0,,both,
4167,9715,,0,,left,
4168,9716,,0,,no,
4169,9727,,0,,both,
4170,9728,,0,,both,
4171,9729,,0,,both,
4172,9730,,0,,both,
4173,9731,,0,,both,
4174,9732,,0,,both,
4175,9733,,0,,both,
4176,9734,,0,,both,
4177,9735,,0,,both,
4178,9736,,0,,both,
4179,9737,,0,,both,
4180,9738,,0,,both,
4181,9739,,0,,both,
4182,9746,,0,,right,yes
4183,9747,,0,,both,
4184,9748,,0,,both,
4185,9749,,0,,both,
4186,9750,,0,both,both,
4187,9751,,0,,both,
4188,9752,,0,,both,
4189,9753,,0,,both,
4190,9754,,0,,both,
4191,9755,,0,,both,
4192,9756,,0,,both,
4193,9757,,0,,both,
4194,9758,,0,,both,
4195,9759,,0,,both,
4196,9784,,0,,no,
4197,9789,,0,,,yes
4198,9790,,0,,,yes
4199,9791,,0,,,yes
4200,9807,,0,,both,
4201,9808,,0,,both,
4202,9809,,0,,both,
4203,9810,,0,,both,
4204,9811,,0,,both,
4205,9820,,0,,both,
4206,9821,,0,,both,
4207,9833,,0,,both,
4208,9840,,0,,,yes
4209,9841,,0,,,yes
4210,9843,,0,,both,
4211,9844,,0,,both,
4212,9884,both,0,,,
4213,9885,both,0,,,
4214,9886,both,0,,,
4215,9898,,0,,left,yes
4216,9899,,0,,left,
4217,9920,,0,,both,
4218,9921,,0,,both,yes
4219,9922,,0,,both,
4220,9923,,0,,both,
4221,9924,,0,,both,
4222,9925,,0,,both,
4223,9926,,0,,both,
4224,9997,,0,,no,
4225,9998,,0,,both,
4226,9999,,0,,both,yes
4227,10000,,0,,both,
4228,10038,one,0,,,
4229,10051,both,0,,,
4230,10052,both,0,,,
4231,10053,both,0,,,
4232,10101,both,0,,,
4233,10102,both,0,,,
4234,10103,both,0,,,
4235,10104,one,0,,,
4236,10149,both,0,,both,
4237,10150,both,0,,both,
4238,10151,both,0,,both,
4239,10152,both,0,,,
4240,10153,both,0,,,
4241,10164,,0,,,yes
4242,10196,,0,,both,
4243,10197,,0,,both,
4244,10198,both,0,,both,
4245,10199,both,0,,both,
4246,10248,,0,,both,
4247,10249,,0,,no,
4248,10250,,0,,both,
4249,10251,,0,,both,
4250,10256,both,0,,both,
4251,10257,,0,,both,
4252,10258,,0,,both,
4253,10259,both,0,,both,
4254,10260,both,0,,both,
4255,10261,both,0,,both,
4256,10281,,0,both,,
4257,10303,both,0,,both,
4258,10304,both,0,,both,
4259,10305,both,0,,both,
4260,10306,both,0,,both,
4261,10334,,0,,both,
4262,10406,,0,,both,
4263,10407,both,0,,,
4264,10409,both,0,,both,yes
4265,10410,both,1,,both,
4266,10411,both,0,,both,yes
4267,10412,both,0,,both,yes
4268,10413,,0,,both,yes
4269,10414,,0,,both,yes
4270,10415,,0,,both,
4271,10416,,0,,both,
4272,10417,,0,,both,
4273,10418,,0,,both,
4274,10419,,0,,both,
4275,10434,,0,,,yes
4276,10453,,0,,,yes
4277,10454,,0,,,yes
4278,10506,,0,,,yes
4279,10507,,0,,both,
4280,10508,,0,,both,
4281,10509,,0,,both,
4282,10510,,0,,both,
4283,10511,,0,,both,
4284,10512,,0,,both,
4285,10513,,0,,both,
4286,10514,,0,,both,
4287,10515,,0,,both,
4288,10516,,0,,both,
4289,10538,,0,,both,
4290,10539,,0,,both,
4291,10540,,0,,both,
4292,10541,,0,,both,
4293,10542,,0,,both,
4294,10543,,0,,both,
4295,10544,,0,,both,
4296,10545,,0,,both,
4297,10546,,0,,both,
4298,10547,,0,,both,
4299,10548,,0,,both,
4300,10549,,0,,both,
4301,10550,,0,,both,
4302,10551,,0,,both,
4303,10552,,0,,both,
4304,10593,,0,,both,
4305,10594,,0,,both,
4306,10595,,0,,both,
4307,10597,,0,both,,
4308,10598,,0,both,,
4309,10599,,0,both,,
4310,10647,,0,,both,
4311,10738,,0,,,yes
4312,10984,,0,,,yes
4313,10993,,0,,left,
4314,10995,,0,,both,
4315,10996,,0,,both,
4316,10997,,0,,both,
4317,10998,,0,,both,yes
4318,10999,,0,,both,yes
4319,11000,,0,,both,
4320,11001,,0,,both,
4321,11044,,0,,both,
4322,11048,,0,,both,
4323,11049,,0,,both,
4324,11050,one,1,,,
4325,11128,one,0,,,
4326,11129,one,0,,,
4327,11130,one,0,,,
4328,11131,one,0,,,
4329,11132,one,0,,,
4330,11179,,0,,both,
4331,11200,,0,,both,
4332,11201,,0,,both,
4333,11202,,0,,both,
4334,11203,,0,,both,
4335,11204,,0,,both,
4336,11205,,0,,both,
4337,11206,,0,,both,
4338,11207,,0,,,yes
4339,11208,,0,,,yes
4340,11257,,0,,,yes
4341,11258,,0,,,yes
4342,11259,,0,,,yes
4343,11260,,0,,,yes
4344,11361,one,0,,,
4345,11362,one,0,,,
4346,11363,one,0,,,
4347,11364,one,0,,,
4348,11365,one,0,,,
4349,11366,one,0,,,
4350,11426,one,0,,,
4351,11468,,0,,both,
4352,11469,,0,,both,
4353,11470,,0,,both,
4354,11471,,0,,both,
4355,11472,,0,,both,
4356,11475,one,0,,,
4357,11476,one,0,,,
4358,11477,one,0,,,yes
4359,11478,one,0,,,
4360,11479,one,0,,,
4361,11480,one,0,,,
4362,11481,one,0,,,
4363,11482,one,0,,,yes
4364,11483,one,0,,,yes
4365,11516,both,0,,,
4366,11517,both,0,,,
4367,11518,both,0,,,
4368,11519,both,0,,,
4369,11520,both,0,,,
4370,11521,both,0,,,
4371,11550,,0,,,yes
4372,11649,,0,,,yes
4373,11650,,0,,,yes
4374,11806,,0,,,yes
4375,11808,,0,one,,yes
4376,11809,,0,one,,no
4377,11838,,0,,no,
4378,11839,,0,,no,no
4379,11840,,0,,,yes
4380,11877,,0,,,no
4381,11878,,0,,,yes
4382,11886,,0,,,yes
4383,11887,,0,,,yes
4384,11889,,0,,no,
4385,11890,,0,,both,
4386,11891,,0,,both,
4387,11906,,0,one,,no
4388,11907,,0,,,no
4389,11910,,0,,,yes
4390,11933,,0,,both,
4391,11934,,0,,both,
4392,11936,,0,,both,
4393,11937,,0,,both,
4394,11938,,0,,both,
4395,11942,,0,both,,
4396,11943,,0,both,,
4397,11944,,0,,,yes
4398,11945,,0,,,yes
4399,11947,,0,,no,
4400,11948,,0,,no,
4401,11949,,0,,both,
4402,11951,,0,,both,
4403,11952,both,0,both,,yes
4404,11953,,0,,both,yes
4405,11954,,0,,right,yes
4406,11960,,0,,both,
4407,11961,,0,,both,
4408,11962,,0,,both,
4409,11963,,0,,both,
4410,11964,,0,,both,
4411,11972,,0,,both,
4412,11973,,0,,right,
4413,11980,,0,,both,
4414,12041,,0,,,yes
4415,12051,,0,,no,
4416,12052,,0,,no,
4417,12053,,0,,no,
4418,12054,,0,,no,
4419,12055,,0,,no,
4420,12056,,0,,no,
4421,12064,,0,both,,yes
4422,12073,,0,,both,yes
4423,12074,,0,,both,yes
4424,12075,,0,,both,yes
4425,12076,,0,,both,yes
4426,12077,,0,,both,yes
4427,12083,,0,,right,
4428,12084,,0,,no,
4429,12085,,0,,no,
4430,12086,,0,,no,
4431,12097,,0,,both,
4432,12098,,0,,,yes
4433,12099,,0,,,yes
4434,12100,,0,,,yes
4435,12101,,0,,,yes
4436,12104,,0,,both,yes
4437,12105,,0,,both,yes
4438,12108,,0,,,yes
4439,12118,,0,,,yes
4440,12119,,0,,,yes
4441,12122,,0,,,yes
4442,12132,,0,,both,
4443,12133,,0,,both,
4444,12134,,0,,both,
4445,12135,,0,,both,yes
4446,12141,,0,,no,yes
4447,12154,,0,,,yes
4448,12155,,0,,,yes
4449,12174,,0,,,yes
4450,12175,,0,,,yes
4451,12194,,0,,both,
4452,12195,,0,,no,
4453,12196,,0,,no,
4454,12197,,0,,,yes
4455,12202,,0,,,yes
4456,12211,,0,,right,
4457,12212,,0,,no,
4458,12255,,0,,,yes
4459,12256,both,0,both,both,yes
4460,12257,both,0,both,both,
4461,12258,both,0,both,both,
4462,12259,both,0,both,both,
4463,12260,both,0,both,both,
4464,12261,both,0,both,both,
4465,12262,both,0,both,both,
4466,12263,both,0,both,both,
4467,12264,both,0,both,both,
4468,12265,both,0,both,both,
4469,12266,one,0,both,,
4470,12267,one,0,both,,
4471,12268,one,0,both,,
4472,12270,both,0,both,,
4473,12271,one,0,both,,
4474,12272,one,0,both,,
4475,12284,,0,,both,
4476,12303,,0,,both,
4477,12304,,0,,no,
4478,12308,both,0,both,,
4479,12309,both,0,both,,
4480,12310,both,0,both,,
4481,12311,both,0,both,,
4482,12312,one,0,both,,
4483,12313,,0,both,,
4484,12352,,0,,both,
4485,12353,,0,,both,
4486,12408,both,1,,,
4487,12409,,0,,,yes
4488,12410,both,1,,,
4489,12416,,0,one,,yes
4490,12419,,0,one,,no
4491,12420,,0,one,no,no
4492,12429,,0,,both,
4493,12430,,0,,both,
4494,12431,,0,,both,
4495,12432,,0,,both,
4496,12434,,0,,,yes
4497,12435,,0,both,,
4498,12436,,0,,,yes
4499,12454,,0,,both,
4500,12455,,0,,both,
4501,12456,,0,,both,
4502,12457,,0,,both,
4503,12458,,0,,both,
4504,12459,,0,,no,
4505,12460,,0,,no,
4506,12461,,0,,no,
4507,12462,,0,,no,
4508,12463,,0,,no,
4509,12471,,0,,,yes
4510,12472,,0,,,yes
4511,12478,,0,,,yes
4512,12491,,0,,,yes
4513,12492,,0,both,,no
4514,12493,,0,both,,no
4515,12494,,0,both,,no
4516,12504,,0,,no,yes
4517,12505,,0,,both,yes
4518,12506,,0,,left,yes
4519,12507,,0,,left,yes
4520,12508,,0,,no,
4521,12509,,0,,no,
4522,12510,,0,,no,
4523,12511,,0,,no,
4524,12512,,0,,no,
4525,12521,,0,,both,
4526,12522,,0,,both,yes
4527,12523,,0,,both,yes
4528,12524,,0,,both,yes
4529,12525,,0,,both,yes
4530,12529,,0,,,yes
4531,12536,,0,,both,yes
4532,12537,,0,,both,yes
4533,12539,,0,,both,
4534,12541,,0,,,yes
4535,12565,,0,,both,yes
4536,12566,,0,,both,yes
4537,12567,,0,,both,yes
4538,12568,,0,,right,yes
4539,12569,,0,,both,yes
4540,12570,,0,,both,
4541,12573,,0,,both,yes
4542,12574,,0,,both,
4543,12575,,0,,both,
4544,12576,,0,,both,yes
4545,12580,,0,,,yes
4546,12589,,0,,,yes
4547,12590,,0,,,yes
4548,12591,,0,,,yes
4549,12594,,0,,,yes
4550,12596,,0,,,yes
4551,12597,,0,,,yes
4552,12598,,0,,,yes
4553,12599,,0,,,yes
4554,12601,,0,,,yes
4555,12618,,0,,,yes
4556,12619,,0,,both,yes
4557,12620,,0,,both,
4558,12621,,0,,both,
4559,12622,,0,,both,
4560,12624,,0,,both,
4561,12625,,0,,both,
4562,12626,,0,,both,
4563,12627,,0,,both,
4564,12628,,0,,both,yes
4565,12629,,0,,both,yes
4566,12630,,0,,both,yes
4567,12631,,0,,both,yes
4568,12642,,0,,,yes
4569,12643,,0,,both,yes
4570,12650,,0,,both,yes
4571,12651,,0,,both,yes
4572,12652,,0,,both,yes
4573,12670,,0,,both,
4574,12673,,0,,both,
4575,12674,,0,,both,
4576,12675,,0,,both,
4577,12676,,0,,both,
4578,12677,,0,,both,
4579,12678,,0,,both,
4580,12679,,0,,,yes
4581,12680,,0,,,yes
4582,12681,,0,,both,yes
4583,12682,,0,,no,
4584,12687,,0,,both,
4585,12688,,0,,both,
4586,12690,,0,,both,
4587,12691,,0,,both,
4588,12692,,0,,both,
4589,12693,,0,,both,
4590,12694,,0,,both,
4591,12695,,0,,both,
4592,12702,,0,,,yes
4593,12703,,0,both,,
4594,12705,,0,,no,yes
4595,12718,,0,,both,
4596,12719,,0,,both,
4597,12720,,0,,both,
4598,12721,,0,,both,
4599,12722,,0,,both,
4600,12723,,0,,both,
4601,12724,,0,,both,
4602,12726,,0,,both,
4603,12727,,0,,both,
4604,12728,,0,,both,
4605,12729,,0,,both,
4606,12730,,0,,both,
4607,12740,,0,,both,yes
4608,12741,,0,,both,yes
4609,12742,,0,,both,yes
4610,12745,,0,,,yes
4611,12746,,0,,,yes
4612,12748,,0,,,yes
4613,12750,,0,,both,
4614,12751,,0,,both,
4615,12752,,0,,both,
4616,12753,,0,,both,
4617,12754,,0,,both,
4618,12755,,0,,both,yes
4619,12775,,0,,both,yes
4620,12776,,0,,both,
4621,12777,,0,,both,yes
4622,12781,,0,,,yes
4623,12782,,0,,,yes
4624,12784,,0,,right,yes
4625,12797,,0,,,yes
4626,12824,,0,,,yes
4627,12825,,0,,,yes
4628,12828,,0,,,yes
4629,12838,,0,,both,
4630,12839,both,0,,both,
4631,12840,both,0,,both,yes
4632,12841,both,0,,both,
4633,12842,both,0,,both,yes
4634,12843,both,0,,both,yes
4635,12844,both,0,,both,
4636,12845,both,0,,both,
4637,12846,,0,,both,
4638,12848,,0,,both,yes
4639,12849,,0,,,yes
4640,12850,,0,,both,yes
4641,12851,,0,,both,yes
4642,12852,,0,,both,
4643,12853,,0,,both,
4644,12859,,0,,both,
4645,12860,,0,,both,
4646,12869,,0,,,yes
4647,12878,,0,,no,
4648,12892,,0,,both,
4649,12893,,0,,both,yes
4650,12895,,0,,both,
4651,12900,,0,,,yes
4652,12901,,0,,,yes
4653,12905,,0,both,,
4654,12926,,0,,right,
4655,12933,,0,,,yes
4656,12934,,0,,,yes
4657,12942,,0,,both,yes
4658,12943,,0,,both,yes
4659,12944,,0,,both,yes
4660,12945,,0,,both,yes
4661,12946,,0,,both,yes
4662,12952,,0,,both,
4663,12953,,0,,both,
4664,12954,both,0,,both,
4665,12998,,0,,both,
4666,12999,,0,,both,
4667,13059,,0,,,yes
4668,13060,,0,,,yes
4669,13061,,0,,,yes
4670,13062,,0,,,yes
4671,13063,,0,,,yes
4672,13064,,0,,,yes
4673,13085,,0,both,,
4674,13098,,0,,,yes
4675,13115,,0,,,yes
4676,13152,,0,,,yes
4677,13154,,0,,both,
4678,13155,,0,,both,
4679,13156,,0,,both,
4680,13157,,0,,,yes
4681,13158,,0,,,yes
4682,13169,,0,,,yes
4683,13170,,0,,,yes
4684,13171,,0,,,yes
4685,13172,,0,,,yes
4686,13174,,0,,,yes
4687,13175,,0,,,yes
4688,13217,,0,,both,
4689,13223,,0,,,yes
4690,13224,,0,,,yes
4691,13233,,0,,both,
4692,13234,,0,,both,
4693,13235,,0,,both,
4694,13236,,0,,both,
4695,13248,,0,,both,
4696,13249,,0,,both,
4697,13250,,0,,both,
4698,13251,,0,,both,
4699,13252,,0,,both,
4700,13253,,0,,both,
4701,13254,,0,,both,
4702,13255,,0,,no,
4703,13256,,0,,no,
4704,13257,,0,,no,
4705,13258,,0,,no,
4706,13259,,0,,no,
4707,13260,,0,,no,
4708,13261,,0,,both,yes
4709,13262,,0,,both,yes
4710,13264,,0,,,yes
4711,13265,,0,,,yes
4712,13309,,0,,no,
4713,13310,,0,,no,
4714,13312,,0,,,yes
4715,13313,,0,,both,
4716,13323,,0,,,yes
4717,13329,both,0,,,yes
4718,13330,both,0,,,yes
4719,13335,,0,both,,
4720,13349,,0,,both,
4721,13350,,0,,both,
4722,13351,,0,,both,
4723,13353,,0,,right,
4724,13354,,0,,both,
4725,13357,,0,,,yes
4726,13359,,0,,,yes
4727,13360,,0,,,yes
4728,13361,,0,,,yes
4729,13363,,0,,,yes
4730,13365,,0,,both,
4731,13366,,0,,both,
4732,13368,,0,,both,
4733,13369,,0,,both,
4734,13383,,0,,right,
4735,13386,,0,,,yes
4736,13389,both,0,,,yes
4737,13390,,0,,,yes
4738,13407,,0,,,yes
4739,13408,,0,,,yes
4740,13412,,0,,both,
4741,13413,,0,,both,
4742,13414,,0,,both,
4743,13415,,0,,both,
4744,13416,,0,,both,
4745,13417,,0,,both,
4746,13418,,0,,both,
4747,13440,,0,,,yes
4748,13449,,0,,,yes
4749,13456,,0,both,,
4750,13457,,0,both,,yes
4751,13461,,0,,both,
4752,13462,,0,,both,
4753,13463,,0,,both,
4754,13464,,0,,both,
4755,13465,,0,,both,
4756,13466,,0,,,yes
4757,13468,both,0,both,both,yes
4758,13469,both,0,both,both,yes
4759,13477,both,0,,,
4760,13478,both,0,,,
4761,13480,both,0,,,yes
4762,13481,both,0,,,yes
4763,13482,,0,,,yes
4764,13500,,0,,both,yes
4765,13508,,0,,both,
